municipality_code,municipality,mun_type,county,cousub_geoid,pop_2020,median_hh_income,n_zillow_regions,zillow_regions,zillow_region_ids,resolution_note,zhvi_latest,zhvi_june_2000,zhvi_june_2001,zhvi_june_2002,zhvi_june_2003,zhvi_june_2004,zhvi_june_2005,zhvi_june_2006,zhvi_june_2007,zhvi_june_2008,zhvi_june_2009,zhvi_june_2010,zhvi_june_2011,zhvi_june_2012,zhvi_june_2013,zhvi_june_2014,zhvi_june_2015,zhvi_june_2016,zhvi_june_2017,zhvi_june_2018,zhvi_june_2019,zhvi_june_2020,zhvi_june_2021,zhvi_june_2022,zhvi_june_2023,zhvi_june_2024,zhvi_june_2025,zhvi_june_2026,zhvi_growth_1yr,zhvi_growth_5yr,zhvi_growth_10yr,zhvi_cagr_2000,nzlud_geoid,nzlud_place,nzlud_type,restrict_sf_permit,restrict_mf_permit,min_lot_size,half_acre_less,half_acre_more,one_acre_more,two_acre_more,open_space,inclusionary,adu,height_ft_median,height_st_median,parking_median,mf_per,total_nz,total_rz,zri,zri_st,rf_median_sale_price,rf_days_on_market,rf_sale_to_list,rf_share_above_list,rf_inventory,rf_homes_sold,price_to_income,pct_price_income,pct_growth_5yr,pct_zoning,affordability_index,index_rank,data_coverage
809,Logan Township,Township,GLOUCESTER,3401541160,6000,113770.0,1.0,Bridgeport,10549,,310868.867,,,,,,,,,,,,,,,,,,,,,,,,,299563.5903,321433.5196,310868.867,-0.0329,,,,,,,,,,,,,,,,,,,,,,,,,379793.0,44.0,100.02,100.18,3.0,1.0,2.7324,99.3506,,,99.35,1.0,zhvi+income
611,Shiloh Borough,Borough,CUMBERLAND,3401167020,444,86250.0,1.0,Shiloh,9399,,269033.6575,,,,,,,,,,,,,,,,,,,,200208.4411,231685.9951,249024.5641,287478.1002,295186.3695,306288.6133,292677.2371,269033.6575,-0.0808,0.0803,,,,,,,,,,,,,,,,,,,,,,,,194894.0,75.0,117.77,50.09,1.0,2.0,3.1192,97.619,99.3213,,98.19,2.0,zhvi+income
2107,Greenwich Township,Township,WARREN,3404128260,5473,172417.0,1.0,Stewartsville,41064,,511900.6261,,,,,,,,,,,,,,,,,,,,,,,,,472436.6336,493201.609,511900.6261,0.0379,,,,,,,,,,,,,,,,,,,,,,,,,367300.0,84.0,86.68,50.09,1.0,2.0,2.969,98.0519,,,98.05,3.0,zhvi+income
1707,Oldmans Township,Township,SALEM,3403354810,1910,109420.0,1.0,Pedricktown,42730,,346656.6397,112530.7924,120991.4245,134252.8796,146196.9968,157633.887,170481.7729,211227.0015,223227.5196,216778.2039,205014.1553,200668.3904,192339.0866,193239.2064,196680.8874,202168.4714,201542.7855,207577.1327,207911.9623,207760.5269,208741.2924,239602.6885,283970.017,322966.1052,329086.324,349491.6353,347103.6055,346656.6397,-0.0013,0.2208,0.67,0.0442,,,,,,,,,,,,,,,,,,,,,,,,,,4.0,,3.1681,96.9697,97.0588,,97.0,4.0,zhvi+income
608,Lawrence Township,Township,CUMBERLAND,3401139450,3087,84554.0,1.0,Cedarville,21500,,265138.0557,,,,,,,,,,,,,,,,,177062.5548,175665.5183,164675.9618,176158.7625,190449.4895,214774.5263,247648.8614,258954.1583,274249.1144,268116.0976,265138.0557,-0.0111,0.2345,0.4974,,,,,,,,,,,,,,,,,,,,,,,193894.0,106.0,99.99,0.0,4.0,2.0,3.1357,97.4026,96.1538,,96.99,5.0,zhvi+income
804,Elk Township,Township,GLOUCESTER,3401521060,4424,144470.0,1.0,Monroeville,53385,,402073.6542,109938.3142,120472.6758,133973.8499,146771.9167,169189.2584,203685.6847,250849.4803,247508.3967,242290.3037,231391.8286,221518.9188,214446.9433,217453.1426,220283.7768,241458.175,245472.9344,249166.7048,254519.5699,242181.1892,246250.6926,280240.222,316577.9026,348179.632,370193.1204,388700.9035,397092.5932,402073.6542,0.0125,0.2701,0.6137,0.0511,,,,,,,,,,,,,,,,,,,,,,,,,,,,2.7831,99.1342,92.5339,,96.93,6.0,zhvi+income
339,Woodland Township,Township,BURLINGTON,3400582420,1544,149375.0,1.0,Woodland Township,398778,,432710.2443,128138.6467,132064.7665,144498.3209,178127.1187,206629.07,224716.1638,263879.1156,276496.7368,276030.7106,252671.9793,256974.141,229565.8646,224986.5591,225507.0966,238742.6593,248165.6717,259960.3397,264214.1163,264704.6423,274237.0976,305195.7637,340959.5154,380372.8644,391222.8159,419390.2375,420730.1146,432710.2443,0.0285,0.2691,0.6645,0.0479,,,,,,,,,,,,,,,,,,,,,,,,,,,,2.8968,98.4848,93.2127,,96.73,7.0,zhvi+income
606,Greenwich Township,Township,CUMBERLAND,3401128170,771,87000.0,1.0,Greenwich,31869,,288518.285,,,,,,,,,,,,,,,185287.575,191369.1617,210981.3157,208101.4908,201643.6547,226542.7133,240746.8413,258935.3031,285690.2957,294673.9194,305201.4663,293461.025,288518.285,-0.0168,0.1142,0.3675,,,,,,,,,,,,,,,,,,,,,,,636082.1429,44.5714,100.7671,64.4043,7.0,14.0,3.3163,95.4545,99.095,,96.67,8.0,zhvi+income
1702,Carneys Point Township,Township,SALEM,3403310610,8637,74925.0,2.0,Carneys Point; Deepwater,397969; 17730,,238588.4316,82027.5322,88996.9355,97813.9913,105104.7899,118036.2562,131332.109,159647.4523,167517.4512,167929.0813,156935.5805,152881.2004,146717.5033,144633.9883,144311.0703,150076.6383,144857.2224,142343.2677,139406.7519,138317.2135,141512.5284,159301.9147,187927.1984,221703.4658,237468.0873,220738.7999,231428.1708,238588.4316,0.0309,0.2696,0.6761,0.0419,,,,,,,,,,,,,,,,,,,,,,280647.0,53.0,101.78,42.93,33.0,22.0,3.1844,96.7532,92.9864,,95.5,9.0,zhvi+income
602,Commercial Township,Township,CUMBERLAND,3401114710,4669,52602.0,1.0,Fortescue,45325,,178119.017,,,,,,,,,,,,,,,,,,,,,,,,,177735.694,185790.4025,178119.017,-0.0413,,,,,,,,,,,,,,,,,,,,,,,,,164411.0,137.0,95.09,0.0,7.0,3.0,3.3862,94.3723,,,94.37,10.0,zhvi+income
805,Franklin Township,Township,GLOUCESTER,3401524840,16380,104303.0,2.0,Franklinville; Malaga,15118; 8865,,353235.193,,,,,,,,,,,,,,,,,,,,,,,,,334778.556,342136.6935,353235.193,0.0324,,,,,,,,,,,,,,,,,,,,,,,,,154665.5,102.0,98.92,16.695,17.0,6.0,3.3866,94.1558,,,94.16,11.0,zhvi+income
1709,Pennsville Township,Township,SALEM,3403357870,12684,74219.0,2.0,Pennsville; Deepwater,396479; 17730,,241918.8787,97096.9574,105978.9174,116480.6732,124987.8889,,144951.9071,172033.3315,176035.5919,176280.8516,164191.9578,157570.6776,150980.8269,148942.014,147365.9972,148775.4321,145826.1365,144262.8475,141935.4381,139908.9178,140901.7915,156083.9606,188289.9202,223964.0494,242432.924,224361.6122,236571.1299,241918.8787,0.0226,0.2848,0.6769,0.0357,,,,,,,,,,,,,,,,,,,,,,271852.0,42.0,99.4,32.87,47.0,66.0,3.2595,96.1039,88.6878,,93.63,12.0,zhvi+income
810,Mantua Township,Township,GLOUCESTER,3401543440,15235,114375.0,2.0,Sewell; Mantua,33949; 831334,,390887.0744,,,,,,,,,,,,,,,,,,,,,,,,,357137.724,373298.0836,390887.0744,0.0471,,,,,,,,,,,,,,,,,,,,,,,,,,,,,,,3.4176,93.5065,,,93.51,13.0,zhvi+income
1701,Alloway Township,Township,SALEM,3403300880,3283,120227.0,1.0,Alloway,397335,,307702.1486,,,,,,,,,,,,,,,,,,,169701.3732,174250.0345,190657.2303,233571.858,257011.869,269719.0319,287541.0393,293231.2809,307702.1486,0.0493,0.3174,,,,,,,,,,,,,,,,,,,,,,,,542205.0,29.0,100.68,50.09,7.0,6.0,2.5593,99.7835,79.8643,,93.14,14.0,zhvi+income
1809,Green Brook Township,Township,SOMERSET,3403527510,7281,218864.0,1.0,Green Brook Township,397666,,718564.1401,297086.1088,337532.2697,372605.9126,423828.3431,467881.0022,529384.8374,567092.1962,543081.2558,519441.031,484018.203,482846.5606,459698.9236,425444.4912,410302.1239,446329.6799,445467.6364,458710.4983,466588.524,478997.1325,476570.77,493874.0357,549087.0244,602371.9991,627337.9857,692301.5037,714917.6156,718564.1401,0.0051,0.3087,0.5665,0.0346,,,,,,,,,,,,,,,,,,,,,,,,,,,,3.2832,95.671,81.9005,,91.08,15.0,zhvi+income
812,National Park Borough,Borough,GLOUCESTER,3401549680,3026,81507.0,1.0,National Park,15621,,285463.8751,98417.3093,101024.8845,109121.3647,116428.8708,136903.4234,163438.4218,185462.5373,195998.8898,195384.3628,178245.5914,178326.3251,156402.5466,153945.5392,151876.8982,156412.3767,154390.1415,161785.4187,160668.9165,160529.7916,172718.7572,187100.7614,214583.3748,241715.5739,255723.5054,276205.324,286270.4267,285463.8751,-0.0028,0.3303,0.7645,0.0418,3449680.0,NationalPark,Borough,0.0,0.0,1.0,1.0,0.0,0.0,0.0,0.0,0.0,0.0,35.0,2.0,2.0,0.0,0.0,1.0,-0.4875,-2.604,304834.0,10.0,99.99,45.54,6.0,11.0,3.5023,92.2078,74.8869,99.0476,89.59,16.0,full
604,Downe Township,Township,CUMBERLAND,3401118220,1399,64239.0,1.0,Newport,46744,,241517.9127,,,,,,,,,,,,,,,,,,,,,,,,,256155.1826,245539.6498,241517.9127,-0.0164,,,,,,,,,,,,,,,,,,,,,,,,,,,,,2.0,,3.7597,87.4459,,,87.45,17.0,zhvi+income
1914,Montague Township,Township,SUSSEX,3403747430,3792,99521.0,1.0,Montague Township,15490,,319473.3342,104456.1324,115852.0834,123609.0779,143544.4431,162504.8997,198375.83,221887.6864,223977.9775,202342.5707,184350.4556,167494.4905,142321.5745,128392.3916,125609.6577,132147.7484,143268.7013,159127.0832,159811.9148,166464.3262,177245.6858,189023.3294,238198.3689,266338.0337,272040.1842,305926.9011,305613.2101,319473.3342,0.0454,0.3412,1.0077,0.0439,,,,,,,,,,,,,,,,,,,,,,,,,,,,3.2101,96.5368,69.0045,,87.36,18.0,zhvi+income
106,Corbin City,City,ATLANTIC,3400115160,471,88839.0,1.0,Corbin City,48631,,337241.1695,,,,,,,,,,,,,,,,,179500.7624,185756.8571,187887.7539,205200.8276,221247.0391,262017.8819,292465.1347,292871.0875,316313.5952,334022.8082,337241.1695,0.0096,0.2871,0.8788,,,,,,,,,,,,,,,,,,,,,,,,,,,3.0,,3.7961,87.013,87.7828,,87.27,19.0,zhvi+income
1904,Byram Township,Township,SUSSEX,3403709160,8028,137367.0,1.0,Byram Township,395548,,467077.7218,153002.6997,170431.6705,188046.3097,221528.8416,254615.6428,295527.0144,324212.7885,319117.3977,302559.9325,268093.8868,273473.9045,255235.546,227627.5368,221856.1795,240833.3524,249849.1243,257306.5213,255180.509,262346.3346,277246.7291,293236.8419,350267.7705,379654.0908,397397.4366,438410.2675,452622.6625,467077.7218,0.0319,0.3335,0.8153,0.0439,,,,,,,,,,,,,,,,,,,,,,,,,,,,3.4002,93.9394,73.0769,,86.99,20.0,zhvi+income
2109,Hardwick Township,Township,WARREN,3404129820,1598,124167.0,1.0,Hardwick Township,18469,,503741.6087,138152.763,154346.2045,177115.804,204466.9994,229536.5262,249769.8034,272451.2039,272901.3681,292444.5563,304582.109,303692.279,293375.3078,299098.761,295661.959,314383.4453,325530.0219,328685.4779,330914.8895,332226.4989,335967.7721,341553.6064,416206.3228,460150.5592,469709.7124,490709.6072,496957.8239,503741.6087,0.0137,0.2103,0.5326,0.051,,,,,,,,,,,,,,,,,,,,,,,,,,,,4.057,80.9524,97.9638,,86.62,21.0,zhvi+income
2104,Blairstown Township,Township,WARREN,3404106160,5704,127907.0,1.0,Blairstown Township,35008,,512094.1577,222117.2481,246529.7163,266068.7823,308178.038,350770.1101,389383.7076,417354.6718,416331.3524,398229.7285,348906.1396,323749.9307,298965.2342,278835.4198,279978.677,301089.0809,312379.8391,316887.4505,317994.6569,317775.6943,326002.5583,343718.7754,406407.2481,446304.7843,451759.7763,482382.1693,500495.8012,512094.1577,0.0232,0.2601,0.616,0.0326,,,,,,,,,,,,,,,,,,,,,,479739.0,59.0,101.06,100.18,4.0,1.0,4.0036,82.2511,94.1176,,86.21,22.0,zhvi+income
1903,Branchville Borough,Borough,SUSSEX,3403707300,791,124167.0,1.0,Branchville,44291,,485600.6182,171978.7248,186612.1927,196764.3286,231936.1524,285455.9922,326238.6569,367144.2641,355772.5274,343911.6623,318377.043,310312.4828,277034.1646,253690.0094,248074.8903,256459.9082,264957.1722,275674.1603,277344.2129,279258.4131,296999.7446,316306.7312,377961.5853,409912.3028,421342.0967,462349.6472,469651.9922,485600.6182,0.034,0.2848,0.7615,0.0407,,,,,,,,,,,,,,,,,,,,,,532210.0,7.0,109.46,100.18,,2.0,3.9109,84.4156,88.914,,85.92,23.0,zhvi+income
1710,Pilesgrove Township,Township,SALEM,3403358530,4183,153242.0,1.0,Pilesgrove,6503,,458248.1313,131630.1381,141627.035,155843.0041,170154.5007,193447.5937,223131.8714,265940.6888,268910.3914,258181.4558,252582.1461,235152.7418,224251.0881,236191.5556,239630.8591,250163.2663,255928.3226,259649.2942,269267.4613,267375.9249,270678.407,290237.1048,336823.2843,377815.8648,395131.3757,426131.5844,443764.8921,458248.1313,0.0326,0.3605,0.7649,0.0491,,,,,,,,,,,,,,,,,,,,,,,,,,,,2.9904,97.8355,60.8597,,85.51,24.0,zhvi+income
1703,Elmer Borough,Borough,SALEM,3403321240,1347,92757.0,1.0,Elmer,21901,,361809.3057,119203.4995,131207.657,143785.2625,155598.8336,176847.296,199294.1048,231698.253,230728.089,228334.2168,211554.1506,203664.3837,196305.6788,197941.1406,194281.3985,203769.6794,208939.2665,214439.3123,217463.8547,216222.0033,219622.7247,236247.3578,279861.0855,306590.0142,322483.8189,343495.3649,357178.2371,361809.3057,0.013,0.2928,0.6872,0.0436,,,,,,,,,,,,,,,,,,,,,,282346.0,106.0,107.77,25.04,10.0,4.0,3.9006,84.8485,85.9729,,85.22,25.0,zhvi+income
104,Buena Borough,Borough,ATLANTIC,3400108680,4501,78393.0,1.0,Buena,21663,,332157.6178,132977.8286,139533.0041,145444.1774,155511.8296,170581.7086,203607.4296,252475.1553,260701.0423,250005.8317,217107.6559,212516.1741,202132.6516,199290.0375,199492.4881,199905.3829,204541.4455,205296.3314,197632.2849,199606.561,218516.1797,236919.0468,275375.9384,313413.2012,320080.5834,342626.4314,345358.4333,332157.6178,-0.0382,0.2062,0.6179,0.0358,,,,,,,,,,,,,,,,,,,,,,334818.0,44.0,97.85,25.04,11.0,25.0,4.2371,77.9221,98.19,,84.68,26.0,zhvi+income
818,Washington Township,Township,GLOUCESTER,3401577180,48677,114520.0,1.0,Sewell,33949,,446726.2968,,,,,,,,,,,,,,,,,,,,,,,,,412922.5063,426883.2643,446726.2968,0.0465,,,,,,,,,,,,,,,,,,,,,,,,,394785.0,22.0,101.75,62.02,83.0,108.0,3.9009,84.632,,,84.63,27.0,zhvi+income
1005,Clinton,Town,HUNTERDON,3401913720,2773,142563.0,1.0,Clinton,10869,Ambiguous Clinton -> Town (1005),528651.6971,220473.5401,240095.3002,268208.2118,295772.0639,313916.4791,354827.7912,383710.0367,382502.3146,355744.4209,318896.7323,331756.4914,316645.9747,310234.2378,305904.8021,313667.3697,321472.1961,326430.0306,334880.2254,338461.7846,347556.7442,356909.4554,397214.6579,437017.1633,451797.1671,496937.2191,521258.0812,528651.6971,0.0142,0.3309,0.6195,0.0342,,,,,,,,,,,,,,,,,,,,,,552199.0,17.0,104.34,60.11,10.0,10.0,3.7082,89.1775,74.4344,,84.26,28.0,zhvi+income
1917,Sandyston Township,Township,SUSSEX,3403765700,1977,104609.0,1.0,Sandyston Township,272644,,419572.3147,137490.9316,148567.1406,151849.9665,188846.4807,207108.1454,249144.0159,273343.8615,276958.2948,250399.6724,220688.8862,202986.5383,200630.5085,183656.5894,189272.3925,208821.1498,213694.2476,219782.1029,211935.5218,212204.8047,230781.6963,259146.1455,326015.0554,355555.3245,366394.5079,406444.9544,417229.1227,419572.3147,0.0056,0.287,0.909,0.0438,,,,,,,,,,,,,,,,,,,,,,,,,,,,4.0109,82.0346,88.009,,84.03,29.0,zhvi+income
813,Newfield Borough,Borough,GLOUCESTER,3401551390,1774,105000.0,1.0,Newfield,19610,,338124.0932,135669.3672,141728.0133,151365.2295,161794.7466,189950.7248,221333.0282,252521.0231,261773.6687,268554.0665,233893.5526,220957.5461,196182.4527,179937.0903,184318.912,185345.6637,179395.165,185694.9837,185384.8846,186527.9836,201642.1274,216790.1201,248395.3801,279343.4456,287628.5284,312921.1876,324081.232,338124.0932,0.0433,0.3612,0.8209,0.0357,,,,,,,,,,,,,,,,,,,,,,332269.0,103.0,94.72,25.04,12.0,8.0,3.2202,96.3203,59.276,,83.97,30.0,zhvi+income
334,Springfield Township,Township,BURLINGTON,3400569990,3245,143343.0,1.0,Springfield Township,190288,,546521.3511,204789.043,215495.7265,238483.7086,288562.844,329750.6582,371325.9567,417278.6257,420113.9761,371219.6948,346123.0143,334415.6979,303963.8463,303501.7657,312076.1444,323721.9026,318163.9927,330276.3463,336878.3311,337406.2446,353686.0898,369671.7301,413325.2824,457254.8118,479674.0599,511113.003,529741.809,546521.3511,0.0317,0.3223,0.6547,0.0385,,,,,,,,,,,,,,,,,,,,,,,,,,,,3.8127,86.5801,77.8281,,83.66,31.0,zhvi+income
1913,Lafayette Township,Township,SUSSEX,3403737440,2358,118750.0,1.0,Lafayette Township,35546,,490455.5235,208221.7141,227199.5095,252843.1453,292009.3314,339985.1927,384742.544,423092.8889,410381.4034,367934.7696,339346.4264,337172.7156,299744.5401,272340.3355,267645.9434,272425.765,273733.8556,278330.3381,277748.6493,290048.5198,304398.2586,321724.1859,381681.7923,418893.6845,433449.2463,468834.2766,474703.3356,490455.5235,0.0332,0.285,0.7621,0.0335,,,,,,,,,,,,,,,,,,,,,,,,,,,,4.1302,79.4372,88.4615,,82.45,32.0,zhvi+income
401,Audubon Borough,Borough,CAMDEN,3400702200,8707,116900.0,1.0,Audubon,14903,,391689.5836,105529.3699,107346.1957,117138.8284,135960.8871,157407.8326,192435.9559,222035.0026,229012.4105,224469.9896,210387.6569,212535.2095,201196.5628,196320.7544,195691.2637,199834.2699,197948.5375,202412.0788,205397.919,212066.693,228483.3754,251207.607,287153.8428,312279.2784,334887.1914,363923.7317,385120.8886,391689.5836,0.0171,0.364,0.9351,0.0517,3402200.0,Audubon,Borough,0.0,0.0,1.0,0.0,1.0,0.0,0.0,1.0,0.0,1.0,30.0,4.0,1.5,0.8,1.0,2.0,1.662,-0.3207,409777.0,29.0,101.94,47.91,17.0,24.0,3.3506,95.0216,57.6923,79.0476,81.7,33.0,full
2103,Belvidere,Town,WARREN,3404104990,2520,100334.0,1.0,Belvidere,9669,,394045.6789,150309.7779,164629.7994,181919.6303,207446.2109,241131.6277,265431.7396,293696.3422,294805.7568,283447.0829,239930.5727,224236.2647,209028.3848,193907.2796,189505.9628,203955.3028,209741.046,222213.8577,227838.4903,230472.6051,239737.893,250920.9759,295539.6216,325509.3285,340747.0787,372082.4535,391755.7002,394045.6789,0.0058,0.3333,0.7733,0.0378,,,,,,,,,,,,,,,,,,,,,,291341.0,65.0,101.95,50.09,14.0,8.0,3.9273,83.9827,73.5294,,80.5,34.0,zhvi+income
1910,Hampton Township,Township,SUSSEX,3403729490,4893,105636.0,1.0,Stockholm,27277,,429318.4865,,,,,,,,,,,,,,,,,,,,,,,,,409546.3972,427490.5614,429318.4865,0.0043,,,,,,,,,,,,,,,,,,,,,,,,,,,,,,,4.0641,80.303,,,80.3,35.0,zhvi+income
609,Maurice River Township,Township,CUMBERLAND,3401144580,6218,62743.0,1.0,Leesburg,12354,,257162.1471,,,,,,,,,,,,,,,,,,,,,,,,,281173.9894,273146.7439,257162.1471,-0.0585,,,,,,,,,,,,,,,,,,,,,,,,,209886.0,292.0,89.63,0.0,2.0,3.0,4.0987,79.8701,,,79.87,36.0,zhvi+income
1819,South Bound Brook Borough,Borough,SOMERSET,3403568730,4863,102019.0,1.0,South Bound Brook,13908,,461978.8679,159092.0065,176543.8112,199299.7226,225270.2631,261962.7733,302074.7221,336466.8259,338333.1904,311037.1193,290571.4418,274597.74,250872.2597,238985.1097,237483.4805,261152.6659,256954.6097,267435.7271,276411.9614,294215.4982,301874.9704,320191.3451,361194.4718,401262.7875,416882.1412,452247.5232,468163.2336,461978.8679,-0.0132,0.279,0.7274,0.0419,3468730.0,SouthBoundBrook,Borough,0.0,0.0,1.0,1.0,0.0,0.0,0.0,1.0,1.0,1.0,31.5,2.0,1.75,0.4,2.0,2.0,1.4508,-0.545,499728.0,18.0,102.86,71.56,5.0,7.0,4.5284,70.5628,90.0452,87.619,79.7,37.0,full
408,Camden,City,CAMDEN,3400710000,71791,40450.0,1.0,Camden,10676,,150576.2393,67472.9459,67858.1446,66778.0833,70430.8476,77856.1289,90390.9769,105683.5847,115969.6685,116084.2715,102232.1146,99916.1906,89740.4885,74487.8594,68550.2589,69640.5553,69821.5206,65888.1275,66302.3377,69591.329,80134.8676,89255.2226,110763.9991,126697.4979,127977.1841,152770.7613,162161.7097,150576.2393,-0.0714,0.3594,1.2853,0.0314,,,,,,,,,,,,,,,,,,,,,,164910.0,36.0,94.94,33.39,124.0,108.0,3.7225,88.5281,61.7647,,79.61,38.0,zhvi+income
302,Beverly,City,BURLINGTON,3400505740,2499,92807.0,1.0,Beverly,37409,,291328.2086,77430.6904,84610.7088,94341.6509,105281.9024,125190.7067,142131.2538,166453.9548,175286.5618,164327.7233,141473.3626,144828.3664,129307.5035,128042.0946,129028.9421,134904.0025,138921.6725,140304.3279,136831.346,129224.5346,153984.0693,173415.0046,202913.5306,241420.1872,257239.745,294097.0883,292552.0496,291328.2086,-0.0042,0.4357,1.0764,0.0523,3405740.0,Beverly,City,0.0,0.0,1.0,0.0,0.0,1.0,0.0,0.0,1.0,0.0,35.0,2.5,1.0,0.6667,2.0,1.0,0.8739,-1.1579,284845.0,48.0,101.2,20.04,9.0,5.0,3.1391,97.1861,26.4706,97.1429,79.5,39.0,full
325,New Hanover Township,Township,BURLINGTON,3400551510,6367,106786.0,1.0,New Hanover Township,397040,,450165.2163,,,,,,,,,,,,,,,,251126.6656,263087.7393,274821.7701,274641.6032,285733.0533,288162.1099,341617.9891,375551.2285,390739.7725,427875.1104,436194.1865,450165.2163,0.032,0.3177,0.7111,,,,,,,,,,,,,,,,,,,,,,,,,,,,,4.2156,78.1385,78.9593,,78.41,40.0,zhvi+income
120,Port Republic,City,ATLANTIC,3400160600,1101,130417.0,1.0,Port Republic,49765,,441006.8738,124710.0174,127858.4301,140193.0467,166362.9834,199227.138,235780.7512,274795.7828,278353.8243,257848.3931,215600.7198,206382.2962,206801.0306,209915.4581,201481.8527,218272.5638,237969.2074,231353.2879,226627.1331,241692.6247,255331.1852,260568.9989,316604.3519,360290.9058,380316.8822,415699.7326,432745.6426,441006.8738,0.0191,0.3929,0.9062,0.0498,,,,,,,,,,,,,,,,,,,,,,487235.0,114.0,97.38,0.0,11.0,2.0,3.3815,94.5887,45.0226,,78.07,41.0,zhvi+income
1108,Pennington Borough,Borough,MERCER,3402157600,2802,171282.0,1.0,Pennington,6462,,689311.7051,264903.0047,300863.8955,328348.868,367617.2034,409889.6609,457973.772,503246.7228,498047.2691,453916.0726,420627.8782,426473.1667,407587.1603,407372.9344,426401.1291,450891.4717,458227.6802,456877.8559,461828.7757,472421.7666,460772.8652,469242.9791,515498.557,583907.9898,618373.1738,670920.5883,679330.0136,689311.7051,0.0147,0.3372,0.5087,0.0375,,,,,,,,,,,,,,,,,,,,,,768582.0,36.0,100.96,33.39,19.0,9.0,4.0244,81.6017,70.8145,,78.01,42.0,zhvi+income
1805,Branchburg Township,Township,SOMERSET,3403507180,14940,169087.0,1.0,Branchburg Township,37547,,740155.4207,292438.8883,331007.6929,366429.4813,410525.6906,450309.2842,514431.3508,549163.3866,529400.4072,497566.726,474871.2776,477844.6763,453528.0191,430671.6271,432832.0581,448259.8287,453870.772,467818.6637,480022.1154,493342.9121,496617.4378,507029.143,566442.9754,619839.3856,648856.574,711576.0619,730081.9675,740155.4207,0.0138,0.3067,0.5821,0.0364,,,,,,,,,,,,,,,,,,,,,,,,,,,,4.3774,75.1082,82.8054,,77.67,43.0,zhvi+income
1806,Bridgewater Township,Township,SOMERSET,3403507720,45977,170641.0,1.0,Bridgewater Township,10552,,756961.996,295095.1825,333092.1071,371684.5652,420330.6814,460410.4658,524253.4382,562914.438,538970.779,511525.8718,483475.2646,481712.8363,457998.5568,441908.0988,448364.7298,478585.4874,483507.3158,494458.4152,504180.3575,516262.125,522953.6035,534771.917,580909.9274,633578.0966,655683.1534,720052.6606,741909.801,756961.996,0.0203,0.3031,0.5309,0.0369,,,,,,,,,,,,,,,,,,,,,,710613.0,16.0,104.55,76.2,91.0,120.0,4.436,74.026,84.1629,,77.4,44.0,zhvi+income
337,Westampton Township,Township,BURLINGTON,3400578200,9121,123750.0,1.0,Westampton Township,22932,,429497.8803,130321.6863,139891.9393,154194.6625,179963.8758,206797.5464,240284.4911,275916.8926,276724.3092,260605.3421,246658.6163,239507.4522,220562.6636,219181.1397,221194.2774,225965.8734,229007.2039,234551.4164,237427.159,242082.1352,253727.2353,266392.8362,300490.3643,347007.8912,366293.5994,408688.4988,422011.4142,429497.8803,0.0177,0.4293,0.8311,0.0469,3478200.0,Westampton,Township,0.0,0.0,1.0,1.0,0.0,0.0,0.0,1.0,1.0,1.0,35.0,2.0,1.5,0.3333,0.0,2.0,1.0042,-1.0194,,,,,,,3.4707,92.8571,28.9593,94.2857,77.24,45.0,full
1402,Boonton Township,Township,MORRIS,3402706640,4380,186964.0,1.0,Boonton Township,17117,,850572.8446,367979.1074,414175.8329,447516.7942,506705.476,560828.542,632926.3441,697663.115,681318.4319,607404.7925,578425.009,553958.921,536682.1672,533505.8125,546342.8231,569858.5631,562019.0107,574434.987,571784.7255,582791.0408,595133.0321,609927.6888,669916.3299,719703.1772,738598.7833,801862.3492,826230.3604,850572.8446,0.0295,0.2697,0.4807,0.0328,,,,,,,,,,,,,,,,,,,,,,,,,,,,4.5494,69.4805,92.7602,,77.24,45.0,zhvi+income
1615,West Milford Township,Township,PASSAIC,3403179460,24862,123930.0,1.0,West Milford,7852,,503120.0463,168328.4115,186838.434,209899.3488,243204.3783,271754.6069,305817.443,338065.1421,336375.0565,320744.7514,293897.3528,278905.7155,258929.1262,254484.1996,253303.1419,266739.9231,263722.854,276636.306,280820.851,293109.342,309366.7377,321033.7737,380861.9716,415925.331,431755.8132,477047.9136,487146.5924,503120.0463,0.0328,0.321,0.8187,0.043,3479460.0,WestMilford,Township,0.0,0.0,1.0,0.0,1.0,0.0,0.0,1.0,1.0,1.0,35.0,2.0,2.0,0.2,2.0,3.0,1.9986,0.0369,,,,,,,4.0597,80.7359,78.0543,67.619,76.79,47.0,full
1206,Helmetta Borough,Borough,MIDDLESEX,3402330840,2455,104143.0,1.0,Helmetta,55689,,441748.2327,149851.6395,166889.5062,194171.0115,224630.3271,247018.5529,292624.0712,323184.0765,327561.5776,297715.2129,283888.6553,278974.9696,253026.77,227670.055,219934.8667,234486.5071,239672.1455,247870.6206,247104.5568,263350.7329,280599.5059,295490.0242,331670.6286,358165.5874,372530.5652,414958.3943,434604.5831,441748.2327,0.0164,0.3319,0.7822,0.0425,,,,,,,,,,,,,,,,,,,,,,352308.0,60.0,97.93,20.04,18.0,15.0,4.2417,77.7056,73.7557,,76.39,48.0,zhvi+income
1715,Woodstown Borough,Borough,SALEM,3403382720,3678,101855.0,1.0,Woodstown,21383,,356579.6938,112922.6398,121531.2467,133683.6602,145326.634,164246.2222,185579.1252,214882.7087,222011.8505,222333.1484,208710.2894,200349.4066,191960.3769,191600.9549,191189.8303,197187.4477,197232.8754,197349.4761,203810.224,203169.9172,205266.196,222718.3135,255722.3359,296007.2595,302221.9624,333906.8776,345901.6137,356579.6938,0.0309,0.3944,0.8068,0.0452,,,,,,,,,,,,,,,,,,,,,,287843.0,38.0,101.38,27.32,16.0,11.0,3.5009,92.4242,43.8914,,76.25,49.0,zhvi+income
1613,Wanaque Borough,Borough,PASSAIC,3403176730,11317,112326.0,1.0,Wanaque,30048,,517243.7375,173233.5319,192323.2394,216064.4486,252676.7937,282270.1482,313861.8781,350918.2613,351577.5762,320407.8031,295696.5318,295771.3477,282719.7623,271661.3642,278924.2915,295280.2586,291795.4271,302452.7758,307857.618,329546.8472,346776.9702,354321.0019,406147.6616,432676.7378,452270.2311,495335.9432,506962.6187,517243.7375,0.0203,0.2735,0.7102,0.043,,,,,,,,,,,,,,,,,,,,,,469744.0,45.0,102.52,41.94,46.0,44.0,4.6048,68.1818,91.8552,,76.07,50.0,zhvi+income
808,Harrison Township,Township,GLOUCESTER,3401530180,13641,169048.0,1.0,Mullica Hill,19518,,610270.9662,217112.7885,223314.8784,242700.1324,273888.0675,302331.6193,352198.9312,390683.1449,409643.4782,381764.4197,343873.428,336391.9059,311437.0283,302304.1195,303506.6057,319349.6424,326868.5639,338162.3092,346783.7883,346902.1551,355449.7549,372968.9682,438905.9185,504188.9353,534432.4589,577180.2608,597413.4477,610270.9662,0.0215,0.3904,0.8047,0.0406,,,,,,,,,,,,,,,,,,,,,,565942.0,55.0,101.3,36.43,3.0,23.0,3.61,90.9091,46.1538,,75.99,51.0,zhvi+income
601,Bridgeton,City,CUMBERLAND,3401107600,27263,46124.0,2.0,Bridgeton; Port Norris,23821; 36165,,228222.4488,98814.492,99785.5781,100451.3722,105182.8876,110821.9882,138548.6583,169582.6269,190454.7423,186402.5042,167054.0656,148589.1669,147278.9303,146697.401,135447.6967,136514.6609,139466.8531,128088.2228,126298.8712,125011.7353,127356.876,148806.7661,177649.927,206271.8557,221395.0854,235626.2194,234996.7216,228222.4488,-0.0288,0.2847,0.7818,0.0327,3407600.0,Bridgeton,City,0.0,0.0,1.0,1.0,0.0,0.0,0.0,1.0,1.0,0.0,135.0,,1.0,0.25,2.0,3.0,0.9163,-1.1129,174905.0,29.0,97.78,37.2044,66.0,36.0,4.948,58.8745,89.1403,95.2381,75.53,52.0,full
1014,High Bridge Borough,Borough,HUNTERDON,3401931320,3546,116424.0,1.0,High Bridge,11893,,462607.8843,188307.6646,201721.9981,221184.5854,259209.4604,279795.2729,317051.465,352684.0174,336514.2089,316077.4569,293378.6124,281735.5297,251684.3841,246816.5427,247183.4354,267706.4216,270062.2189,262797.3445,274848.236,282491.7156,292224.8788,301215.3924,339383.4491,373912.9747,382933.1497,423467.3988,454885.7328,462607.8843,0.017,0.3631,0.7603,0.0352,,,,,,,,,,,,,,,,,,,,,,414774.0,20.0,105.22,73.46,15.0,15.0,3.9735,83.3333,57.9186,,74.86,53.0,zhvi+income
1919,Stanhope Borough,Borough,SUSSEX,3403770380,3526,134583.0,1.0,Stanhope,20626,,453798.2375,135631.7094,154012.9503,168846.919,201180.1007,229303.8281,267070.9148,298494.8838,291103.8494,279193.7496,249154.1619,244601.8366,228480.7887,210051.2131,207900.5053,212555.3036,215005.0115,218694.9899,217494.5782,229717.7236,248638.5765,267805.9842,320057.094,353048.7037,371958.3035,418175.4845,436519.6649,453798.2375,0.0396,0.4179,1.075,0.0475,,,,,,,,,,,,,,,,,,,,,,534959.0,16.0,102.46,72.35,10.0,18.0,3.3719,94.8052,33.9367,,74.52,54.0,zhvi+income
324,Mount Laurel Township,Township,BURLINGTON,3400549020,44633,114629.0,1.0,Mt Laurel Township,397859,,408429.1678,134222.0209,142751.2682,157441.5062,181453.929,206834.5593,235968.4829,266736.1638,266317.3105,249647.8026,231294.9848,227236.5798,211855.6983,206269.5679,207828.6803,220346.1571,224047.5996,230401.5701,233973.5342,238835.1347,248137.4685,260314.3194,290863.5838,327091.8757,350158.304,384029.0126,397218.6468,408429.1678,0.0282,0.4042,0.7727,0.0437,,,,,,,,,,,,,,,,,,,,,,,,,,,,3.5631,91.5584,39.1403,,74.09,55.0,zhvi+income
315,Florence Township,Township,BURLINGTON,3400523850,12812,104792.0,3.0,Florence; Florence Township; Roebling,188868; 395570; 396672,,388385.99,124215.6281,132762.213,148214.2643,173726.0721,200427.2373,234440.3541,263705.6054,267023.275,253897.6203,230217.4594,230081.2669,215963.8896,204841.515,205989.0102,210923.6112,215654.4745,222458.0004,226596.6922,229106.5011,240288.7127,255432.6121,285659.5525,325102.8442,340735.8685,372389.3661,383425.2965,388385.99,0.0129,0.3596,0.7459,0.0448,3423850.0,Florence,Township,0.0,0.0,1.0,0.0,0.0,1.0,0.0,1.0,1.0,0.0,35.0,2.5,1.0,0.7143,1.0,3.0,2.3401,0.3996,310664.375,38.7917,98.7546,33.3913,38.0,24.0,3.7063,89.3939,61.3122,55.2381,73.83,56.0,full
1420,Mine Hill Township,Township,MORRIS,3402746860,4015,113861.0,1.0,Mine Hill Township,50250,,508658.9136,171089.6095,189563.4086,216093.1864,242295.099,284160.0236,316606.3883,352843.8652,344906.6428,309276.79,295699.0627,282729.0882,255490.1973,252434.9511,265170.2167,280284.1258,286073.8774,296541.202,304377.5707,319137.7504,332459.1736,345954.2848,381483.8945,418649.6337,434788.9312,479591.3836,505103.6835,508658.9136,0.007,0.3334,0.7153,0.0428,,,,,,,,,,,,,,,,,,,,,,,,,,,,4.4674,73.5931,73.3032,,73.5,57.0,zhvi+income
413,Gibbsboro Borough,Borough,CAMDEN,3400726070,2189,99881.0,1.0,Gibbsboro,38685,,389539.8578,111494.3899,119616.6693,123822.1786,146228.6783,170910.4372,197900.7304,234697.805,234206.0151,230598.6861,211599.8605,202174.4664,173596.2409,167854.4665,164327.2354,167587.4454,165749.6369,176087.1842,186169.6995,188410.1744,198517.8553,243541.6812,281113.276,316019.6228,337379.8861,363661.452,386654.6282,389539.8578,0.0075,0.3857,1.2122,0.0493,,,,,,,,,,,,,,,,,,,,,,422760.0,101.0,98.1,19.08,11.0,22.0,3.9,85.0649,47.7376,,72.62,58.0,zhvi+income
414,Gloucester City,City,CAMDEN,3400726820,11484,70942.0,1.0,Gloucester City,52245,,243103.3056,82551.2998,81388.3942,84904.3092,94124.2576,105563.7658,131429.2811,155140.3539,170923.483,167866.8142,144502.9874,142876.0322,128567.6539,111414.9993,99469.1948,103584.8925,105251.1412,107223.92,99042.2101,106035.0674,119525.9652,136798.9837,170670.7867,192517.0556,212294.9921,242849.4678,256179.7931,243103.3056,-0.051,0.4244,1.2672,0.0424,,,,,,,,,,,,,,,,,,,,,,244867.0,33.0,99.37,41.94,37.0,44.0,3.4268,93.29,31.2217,,72.6,59.0,zhvi+income
1918,Sparta Township,Township,SUSSEX,3403769690,19600,167371.0,1.0,Sparta Township,398283,,626953.5974,251023.8733,273688.1369,298120.312,343803.3436,393696.6149,432513.9418,468116.3562,467642.8549,441240.0868,402549.3007,398147.1738,371436.0038,333301.8714,330871.9477,352693.8651,352708.0916,358811.0412,364557.2974,373657.0813,382263.4323,391426.266,470022.7027,520902.4019,535271.0889,585313.939,606622.4691,626953.5974,0.0335,0.3339,0.7473,0.0358,3469690.0,Sparta,Township,0.0,0.0,1.0,0.0,0.0,0.0,1.0,1.0,1.0,1.0,35.0,2.5,1.0,0.3846,2.0,2.0,2.6274,0.7049,,,,,,,3.7459,87.8788,72.6244,41.9048,72.57,60.0,full
807,Greenwich Township,Township,GLOUCESTER,3401528185,4917,90508.0,1.0,Gibbstown,55767,,339149.6862,119411.603,119130.3027,130787.9057,143626.3667,160310.9638,182991.5532,216732.4283,222720.3898,222396.7012,203380.3102,200450.0867,177604.3257,168979.9384,173269.3218,180602.7495,183967.1378,186808.3465,187930.2854,188473.6495,197096.6698,207612.5557,242571.3913,279617.7693,289052.1617,310846.8537,325250.5201,339149.6862,0.0427,0.3981,0.8155,0.041,,,,,,,,,,,,,,,,,,,,,,349760.0,18.0,104.99,66.79,9.0,12.0,3.7472,87.6623,42.3077,,72.54,61.0,zhvi+income
1202,Cranbury Township,Township,MIDDLESEX,3402315550,3842,212250.0,1.0,Cranbury Township,397423,,992896.9885,390091.0364,452185.3223,510517.7566,595361.6469,603599.1684,697691.9764,764439.0821,726566.7181,676981.948,623309.4181,627241.4381,596922.6052,585004.2744,605866.7549,656492.7379,655184.5927,670147.1722,678827.9228,679474.3737,689355.874,705304.5873,765894.2689,849125.5089,861561.8229,930402.4893,960886.507,992896.9885,0.0333,0.2964,0.4816,0.0366,,,,,,,,,,,,,,,,,,,,,,1299293.0,75.0,106.53,83.48,7.0,6.0,4.678,66.0173,85.2941,,72.44,62.0,zhvi+income
1916,Ogdensburg Borough,Borough,SUSSEX,3403754660,2258,104946.0,1.0,Ogdensburg,26272,,439010.9307,141489.5161,153197.7064,168033.0881,205453.3488,232623.0045,263194.0941,299262.7149,295650.8215,276596.5532,252237.015,268525.248,241909.2794,217850.6824,214070.4304,212062.3222,213719.1519,225130.7172,220158.351,221435.1309,249365.4945,267928.7761,322493.074,362126.5696,373558.3272,411805.8351,422861.3168,439010.9307,0.0382,0.3613,0.95,0.0445,,,,,,,,,,,,,,,,,,,,,,474742.0,18.0,105.42,87.66,5.0,8.0,4.1832,79.0043,59.0498,,72.35,63.0,zhvi+income
1712,Quinton Township,Township,SALEM,3403361470,2580,82500.0,1.0,Quinton,826245,,281840.9682,,,,,,,,,,,,,,,,,,,,167676.7302,173748.1301,197240.4135,238801.2071,263627.9158,283614.7659,268526.1544,281840.9682,0.0496,0.4289,,,,,,,,,,,,,,,,,,,,,,,,316328.0,139.0,95.16,0.0,,2.0,3.4163,93.7229,29.1855,,72.21,64.0,zhvi+income
316,Hainesport Township,Township,BURLINGTON,3400529010,6035,137610.0,1.0,Hainesport Township,25004,,527616.0172,170647.0838,181087.4398,196794.1527,226212.7466,264818.9332,300060.0999,336786.3597,337955.4131,318079.1967,293573.677,285012.9118,265542.8856,270444.6754,279645.5247,296130.131,297174.6978,304268.9708,307233.8746,312720.9825,325540.424,338505.4952,378663.2705,429538.5163,458339.5486,501313.4856,512182.693,527616.0172,0.0301,0.3934,0.734,0.0444,,,,,,,,,,,,,,,,,,,,,,,,,,,,3.8341,85.9307,44.5701,,72.14,65.0,zhvi+income
267,Westwood Borough,Borough,BERGEN,3400380270,11282,169026.0,1.0,Westwood,27912,,784557.6379,260975.6569,287927.4256,317858.0945,364625.3222,416959.9093,469964.9218,509703.5559,486374.6675,471405.3332,435246.8347,419757.7039,413871.109,413746.3783,422507.3162,458405.0639,463095.632,478096.4599,494408.7045,504840.5172,514769.4491,538407.6491,595944.1195,634070.7545,651252.8175,699060.3935,735410.0273,784557.6379,0.0668,0.3165,0.641,0.0432,,,,,,,,,,,,,,,,,,,,,,774079.0,57.0,108.9,78.71,28.0,14.0,4.6416,67.7489,80.3167,,71.94,66.0,zhvi+income
304,Bordentown Township,Township,BURLINGTON,3400506700,11791,115507.0,1.0,Bordentown Township,397619,,449840.5015,158880.6982,167376.1976,188864.727,220279.0371,259704.632,295529.5967,326559.5369,329579.2262,308123.8887,287767.3313,280655.896,259606.9839,245758.6633,242479.9489,254069.4983,253393.3311,259959.7307,260604.802,263700.8695,275317.1195,289336.5762,322940.5254,364138.0977,386178.7329,422674.5675,440570.0419,449840.5015,0.021,0.393,0.7304,0.0408,,,,,,,,,,,,,,,,,,,,,,,,,,,,3.8945,85.2814,44.7964,,71.79,67.0,zhvi+income
314,Fieldsboro Borough,Borough,BURLINGTON,3400523250,526,88125.0,1.0,Fieldsboro,52015,,377715.859,,,,,,,,,,,,,,,,198803.51,204418.958,205100.8001,220567.9804,223271.4894,249632.4132,277982.3362,313209.2647,334870.5036,361697.3432,383719.8305,377715.859,-0.0156,0.3588,0.8478,,,,,,,,,,,,,,,,,,,,,,,318826.0,60.0,98.38,0.0,1.0,3.0,4.2861,76.4069,61.991,,71.6,68.0,zhvi+income
819,Wenonah Borough,Borough,GLOUCESTER,3401578110,2283,130473.0,1.0,Wenonah,50108,,372441.2441,133483.0002,133583.5511,149976.0981,167721.3186,192264.8336,226086.4742,252908.1262,254315.4059,258151.9825,250074.2492,221724.8772,202449.9669,199372.477,201037.1199,202041.4631,204782.3468,199608.4821,198555.2419,198549.0012,201452.463,217291.4299,253145.7535,295529.4165,307819.6463,335857.4734,352317.834,372441.2441,0.0571,0.4713,0.8659,0.0403,,,,,,,,,,,,,,,,,,,,,,359754.0,31.0,102.08,33.39,7.0,6.0,2.8545,98.9177,15.6109,,71.15,69.0,zhvi+income
504,Dennis Township,Township,CAPE MAY,3400917560,6285,111591.0,1.0,Ocean View,15846,,489814.9128,135803.0844,146166.4749,164005.3291,181591.5403,220331.3548,255891.2424,290608.0479,278770.2078,275383.5074,264228.0292,266097.5323,251293.6002,244959.6027,247482.9708,254536.4235,246419.7845,246276.8528,258110.6025,262294.6301,278064.1557,296917.7093,354493.1436,401859.5085,422983.6773,445550.5231,461040.5329,489814.9128,0.0624,0.3817,0.9889,0.0506,3417560.0,Dennis,Township,0.0,0.0,1.0,0.0,0.0,1.0,0.0,0.0,1.0,0.0,30.0,2.25,1.125,0.0,2.0,3.0,1.5302,-0.4607,39978.0,131.0,87.43,0.0,9.0,9.0,4.3894,74.8918,49.095,85.7143,71.15,69.0,full
308,Cinnaminson Township,Township,BURLINGTON,3400512940,17064,123542.0,1.0,Cinnaminson Township,24079,,470077.6274,154738.5474,164213.4018,177154.9512,207333.8558,240528.9558,274672.9396,308100.1725,312685.2807,296559.9932,275370.7207,272856.5731,248583.031,241202.2498,241742.7945,251436.5539,249822.6742,257145.733,260927.2568,263868.2157,280480.8962,299858.6558,335369.9652,385153.4836,402840.6777,436022.6345,451883.3745,470077.6274,0.0403,0.4017,0.8281,0.0437,,,,,,,,,,,,,,,,,,,,,,,,,,,,3.805,86.7965,39.819,,71.14,71.0,zhvi+income
1810,Hillsborough Township,Township,SOMERSET,3403531890,43276,153549.0,1.0,Hillsborough Township,28510,,688185.643,233572.0725,267423.177,299898.5964,340789.6293,376924.3402,428118.8666,463149.3647,451936.659,423879.9646,408407.8112,404998.14,390377.3739,378990.2739,380305.3722,402689.8372,402977.5433,418247.2007,432439.2765,446690.4544,452287.6824,464627.958,511939.5114,567436.2638,584664.6218,655580.954,677797.7919,688185.643,0.0153,0.3443,0.6454,0.0424,,,,,,,,,,,,,,,,,,,,,,459750.0,20.0,102.09,56.82,62.0,69.0,4.4819,72.7273,67.8733,,71.11,72.0,zhvi+income
905,Hoboken,City,HUDSON,3401732250,60419,176943.0,1.0,Hoboken,25146,,883215.0739,280293.5318,321182.6694,366003.1079,396503.7372,425092.2164,524481.656,625228.7891,619696.1453,598889.1355,534428.9481,535118.3304,508664.1677,523818.5292,596165.4353,669160.4331,704491.1934,778485.3965,838870.8546,887114.7546,843768.2285,832989.1575,842454.2917,881577.4603,847843.0261,868055.0958,865737.9938,883215.0739,0.0202,0.0484,0.1345,0.0451,,,,,,,,,,,,,,,,,,,,,,1099402.0,23.0,101.86,50.98,142.0,173.0,4.9915,56.4935,99.7738,,70.92,73.0,zhvi+income
333,Southampton Township,Township,BURLINGTON,3400568610,10317,88793.0,2.0,Southampton Township; Leisuretowne,54491; 189331,,381052.8362,109490.5858,114505.6168,127795.1807,151188.2307,175683.6682,200479.9706,224750.0564,227984.0952,217253.8004,199657.4374,190553.8726,176681.5762,168736.2339,174074.8226,186080.5223,190589.9976,200289.4179,206160.1644,209555.5765,224738.3256,245000.5542,280022.6862,316464.545,338551.2625,365826.6518,376513.305,381052.8362,0.0121,0.3608,0.9025,0.0491,,,,,,,,,,,,,,,,,,,,,,314829.0,41.0,97.67,28.26,43.0,40.0,4.2915,76.1905,59.9548,,70.78,74.0,zhvi+income
242,Oakland Borough,Borough,BERGEN,3400353850,12748,162862.0,1.0,Oakland,19724,,777355.7079,271094.3711,298455.3079,329059.0119,375662.3734,429238.0175,475925.4711,522485.1973,505222.0362,480869.2352,457985.3419,445708.9284,429348.3961,429789.0408,440340.6943,471113.4642,481207.3515,488707.4553,505616.2998,515677.3879,517206.2882,528490.223,595655.3339,638261.9128,657358.6921,702206.1025,727732.1877,777355.7079,0.0682,0.305,0.5906,0.0413,,,,,,,,,,,,,,,,,,,,,,689125.0,48.0,105.41,65.12,31.0,20.0,4.7731,64.2857,83.4842,,70.69,75.0,zhvi+income
1350,Union Beach Borough,Borough,MONMOUTH,3402574540,5723,128400.0,1.0,Union Beach,54788,,548764.6069,137535.3236,159050.8594,175969.582,207956.5408,239969.6025,285603.7136,319836.5369,317290.9472,299501.2926,260603.3434,256396.1797,224368.0861,223449.8474,218432.1618,221960.6375,225042.993,245863.0447,253694.9071,284340.3901,306734.6182,331794.7489,401616.8867,447844.067,453371.1764,499960.9368,527372.0024,548764.6069,0.0406,0.3664,1.232,0.0547,,,,,,,,,,,,,,,,,,,,,,624660.0,30.0,102.54,48.09,32.0,26.0,4.2739,77.0563,56.3348,,70.15,76.0,zhvi+income
909,Secaucus,Town,HUDSON,3401766570,22181,134746.0,1.0,Secaucus,33911,,669199.9135,200269.1689,217455.0822,251079.2792,278473.5441,316638.801,382748.792,441492.8413,453512.2452,423917.6403,344940.9023,352147.8783,332991.2671,333577.0021,349270.9366,372792.021,380688.5901,410821.3097,429560.4193,452169.3973,459901.8662,478446.0765,531849.9602,555318.1071,564459.2315,599931.7015,643127.4444,669199.9135,0.0405,0.2582,0.6289,0.0475,,,,,,,,,,,,,,,,,,,,,,625610.0,62.0,99.36,37.57,51.0,41.0,4.9664,58.0087,94.3439,,70.12,77.0,zhvi+income
1222,South Plainfield Borough,Borough,MIDDLESEX,3402369390,24338,126063.0,1.0,South Plainfield,20578,,598450.445,178515.0654,203677.2438,230877.7259,272656.1045,303252.2401,348770.5566,391487.0895,384504.4305,357938.6372,335730.0506,326776.726,311336.4379,287190.6796,285299.7551,315512.5978,321346.1177,335586.7485,345685.295,364805.487,386651.6571,387950.0641,454138.1792,467582.2115,494920.777,531078.6986,572104.2206,598450.445,0.0461,0.3178,0.7833,0.0476,,,,,,,,,,,,,,,,,,,,,,604671.0,55.0,101.2,62.9,70.0,44.0,4.7472,64.9351,78.733,,69.53,78.0,zhvi+income
430,Runnemede Borough,Borough,CAMDEN,3400765160,8324,100366.0,1.0,Runnemede,20271,,329295.2184,93457.5134,97154.5685,105002.1044,119897.0812,140146.7811,168031.2546,191168.0504,200210.2592,199225.4485,176970.5318,172993.8135,158784.0395,155844.7535,152502.7122,159875.6381,159166.8874,157083.9573,156784.5582,159288.4781,173027.4822,189722.1643,223733.4756,260305.9688,280188.4784,305300.9241,325209.8125,329295.2184,0.0126,0.4718,1.0963,0.0496,,,,,,,,,,,,,,,,,,,,,,343813.0,34.0,101.2,43.67,18.0,40.0,3.2809,95.8874,15.3846,,69.05,79.0,zhvi+income
1022,Readington Township,Township,HUNTERDON,3401962250,16128,150021.0,1.0,Whitehouse Station,21292,,717918.3761,,,,,,,,,,,,,,,,,467290.7953,472550.3934,483712.4065,482259.7444,488203.207,544905.0814,608302.0323,626448.8546,679697.8439,702515.0236,717918.3761,0.0219,0.3175,0.5363,,,,,,,,,,,,,,,,,,,,,,,,,,,,,4.7855,63.6364,79.638,,68.97,80.0,zhvi+income
109,Estell Manor,City,ATLANTIC,3400121870,1668,107417.0,1.0,Estell Manor,51938,,384947.3752,116922.5064,119184.9847,133961.7303,152738.3768,175916.0773,221052.6878,257715.6328,253771.3009,229108.7172,194620.6005,189097.2812,181529.568,174442.298,173802.6285,179982.4511,180684.7089,180502.4363,179891.7674,183134.8825,203268.6773,222602.3232,267467.8189,303975.6399,317185.5009,351565.9377,366616.7472,384947.3752,0.05,0.4392,1.1326,0.0469,,,,,,,,,,,,,,,,,,,,,,384791.0,37.0,97.74,0.0,4.0,4.0,3.5837,91.1255,24.4344,,68.9,81.0,zhvi+income
823,Woodbury Heights Borough,Borough,GLOUCESTER,3401582180,3098,130101.0,1.0,Woodbury Heights,36354,,375769.7988,110064.8749,113274.4429,121619.5301,139780.2885,158617.3659,183296.8448,210309.0661,215791.0847,207003.2153,193493.2027,189130.2591,161505.3474,167961.1967,175438.6869,179442.8588,182134.7624,189768.0626,189766.5846,190169.7059,197965.3152,214563.1702,247887.1095,287029.9791,304443.1932,335445.3714,351668.7081,375769.7988,0.0685,0.5159,0.9802,0.0484,,,,,,,,,,,,,,,,,,,,,,347311.0,35.0,101.02,50.09,12.0,10.0,2.8883,98.7013,8.8235,,68.74,82.0,zhvi+income
307,Chesterfield Township,Township,BURLINGTON,3400512670,9422,193224.0,1.0,Chesterfield Township,17422,,720215.1827,262091.9214,279752.9872,319855.2333,371593.4435,426455.3622,496390.4049,544103.8251,552627.2231,516379.3388,417547.1306,436469.5929,385708.5114,389207.819,403036.8266,418318.478,420327.4776,432748.2796,440534.957,442901.5733,445793.218,447192.4052,504075.3556,587388.9763,615777.4003,678214.1992,695535.9992,720215.1827,0.0355,0.4288,0.6643,0.0396,,,,,,,,,,,,,,,,,,,,,,,,,,,,3.7274,88.3117,29.4118,,68.68,83.0,zhvi+income
331,Riverton Borough,Borough,BURLINGTON,3400563660,2764,126818.0,1.0,Riverton,6789,,480848.267,170514.1233,179871.9184,199271.061,231525.1881,273423.197,306593.614,348426.9207,348376.0807,338389.0122,306940.8391,290947.2296,268593.3318,251770.104,241521.8976,254715.8777,262300.5778,273198.1845,277269.634,280346.5789,290836.5627,308427.1025,336557.1508,384706.75,404321.4914,444666.564,466312.524,480848.267,0.0312,0.4287,0.7601,0.0407,,,,,,,,,,,,,,,,,,,,,,619663.0,27.0,101.19,37.57,3.0,8.0,3.7916,87.2294,29.638,,68.03,84.0,zhvi+income
1611,Ringwood Borough,Borough,PASSAIC,3403163150,11735,142529.0,1.0,Ringwood,47392,,613085.2704,213143.2573,238007.1584,260327.2032,308218.5964,348211.1961,379307.8204,416375.7534,417495.9984,392461.4643,361381.1803,340893.9895,324726.6607,312474.1393,308689.7268,320370.5595,318850.8454,331693.9592,334728.4622,344531.4536,370474.8757,387210.0435,445685.8159,481772.2355,508921.6039,555422.5105,574273.58,613085.2704,0.0676,0.3756,0.8483,0.0415,,,,,,,,,,,,,,,,,,,,,,614666.0,15.0,105.32,82.5,18.0,17.0,4.3015,75.974,51.81,,67.92,85.0,zhvi+income
405,Berlin Borough,Borough,CAMDEN,3400705440,7489,101008.0,1.0,Berlin,760887,Ambiguous Berlin -> Borough (405); West Berlin holds Twp 406,400079.0922,129025.7057,133614.7428,142734.6744,160471.1082,186628.2685,217962.5858,251710.5534,264455.2094,252178.2047,227995.5164,219899.7183,209389.3994,203401.2513,201032.4164,208429.8517,206363.4386,214458.2785,217946.3183,219153.6508,226171.717,244494.1358,283291.0068,325466.2167,342500.4257,375533.986,387287.7412,400079.0922,0.033,0.4123,0.8655,0.0445,,,,,,,,,,,,,,,,,,,,,,411026.0,21.0,100.94,56.62,11.0,24.0,3.9609,83.5498,36.6516,,67.92,85.0,zhvi+income
420,Laurel Springs Borough,Borough,CAMDEN,3400739210,1978,120795.0,1.0,Laurel Springs,5563,,351337.9897,106465.2389,106832.1858,110776.1468,132529.9888,149877.2945,173992.7847,194246.8315,205587.8858,200083.9408,178064.3409,176000.8587,161059.6037,154282.0958,147625.1625,156319.2615,146371.9009,151509.199,151714.2675,162582.2447,172492.1107,191702.8578,230559.3252,273477.9376,290613.1837,321373.3761,340101.7446,351337.9897,0.033,0.5239,1.3189,0.047,,,,,,,,,,,,,,,,,,,,,,349310.0,32.0,100.72,66.79,12.0,9.0,2.9085,98.2684,7.0136,,67.85,87.0,zhvi+income
811,Monroe Township,Township,GLOUCESTER,3401547250,37117,94857.0,1.0,Williamstown,41716,,378055.4645,130446.2395,133416.4659,144586.4805,163377.5479,190148.017,220512.1789,245861.5076,254230.4794,246276.1317,221517.0392,213094.6639,194857.1199,189325.8812,191825.9211,194360.8098,199844.4057,202091.0485,203848.0988,199873.5393,214335.618,228999.1769,268053.3798,309518.0992,326858.4565,354631.7062,370587.5654,378055.4645,0.0202,0.4104,0.8707,0.0418,,,,,,,,,,,,,,,,,,,,,,357306.0,38.0,100.89,39.29,34.0,52.0,3.9855,82.9004,37.3303,,67.71,88.0,zhvi+income
244,Oradell Borough,Borough,BERGEN,3400354990,8244,214736.0,1.0,Oradell,26308,,1034562.935,317046.0671,355495.6959,386370.4146,444863.5192,494318.823,568771.49,625109.5068,599713.9524,582748.2546,566162.7228,569514.9427,556351.3415,552222.3642,575992.301,606527.0956,618014.3198,643782.549,672455.3635,695860.0527,691524.8698,688040.4768,756696.3293,828808.7587,822303.0444,910414.0557,951884.1205,1034562.935,0.0869,0.3672,0.607,0.0465,3454990.0,Oradell,Borough,0.0,0.0,1.0,0.0,1.0,0.0,0.0,1.0,1.0,0.0,27.5,2.0,2.0,0.625,1.0,2.0,1.4472,-0.5489,994459.0,59.0,108.96,76.61,27.0,17.0,4.8178,62.987,55.8824,88.5714,67.61,89.0,full
1601,Bloomingdale Borough,Borough,PASSAIC,3403106340,7777,126221.0,1.0,Bloomingdale,51034,,568218.4296,189177.9252,205200.842,227726.8947,270260.9626,304036.0092,340823.7623,378195.7546,373797.1105,341723.355,313068.849,309378.232,284885.5576,268532.5452,263014.9421,281954.2386,292722.5761,324907.8612,323748.6089,324874.4885,342435.9091,354106.2868,416877.2774,456291.2638,476032.4541,521654.4,539664.717,568218.4296,0.0529,0.363,0.7489,0.0432,,,,,,,,,,,,,,,,,,,,,,609668.0,16.0,109.36,91.83,13.0,12.0,4.5018,72.2944,58.1448,,67.58,90.0,zhvi+income
1340,Roosevelt Borough,Borough,MONMOUTH,3402564410,808,112614.0,1.0,Roosevelt,22802,,514133.0068,121706.6705,136710.044,151163.7414,185626.7273,207044.3407,239804.5486,254956.3665,263783.3057,242555.8955,247980.7705,231182.9155,212356.0667,213207.5935,223577.3311,251632.358,255292.4468,272517.9029,278245.0227,292864.6956,305069.1426,299175.8538,379648.039,410472.8824,437385.219,471880.7927,503984.3717,514133.0068,0.0201,0.3542,0.8866,0.057,,,,,,,,,,,,,,,,,,,,,,,,,,1.0,,4.5654,69.2641,63.8009,,67.44,91.0,zhvi+income
321,Medford Lakes Borough,Borough,BURLINGTON,3400545210,4264,151190.0,1.0,Medford Lakes,32800,,555855.1535,150843.4338,158877.4811,178103.1626,202487.4454,239647.0375,271247.4573,301648.6617,296016.371,284936.5418,265747.2326,259024.8101,247032.766,256384.1786,259544.032,277473.9551,279479.2772,291299.6455,293002.3456,306354.1421,316641.2537,335351.4798,384920.5512,435268.1789,476704.1388,521837.548,538772.6998,555855.1535,0.0317,0.4441,0.9082,0.0514,,,,,,,,,,,,,,,,,,,,,,604671.0,31.0,100.37,33.39,5.0,9.0,3.6765,90.0433,22.1719,,67.42,92.0,zhvi+income
821,Westville Borough,Borough,GLOUCESTER,3401580120,4264,78333.0,1.0,Westville,27910,,287757.8684,97414.2286,100860.7874,103477.5202,115727.9486,136291.9802,161433.9805,184201.2116,192479.5104,192884.8135,178417.6977,171444.9893,155005.7489,147800.611,146724.8201,146937.45,148742.6263,145485.3257,147154.3443,144167.8326,155099.6408,171543.8443,199231.0557,231978.4862,247548.525,268105.3655,287566.3493,287757.8684,0.0007,0.4443,0.9779,0.0425,,,,,,,,,,,,,,,,,,,,,,312830.0,32.0,101.17,45.08,13.0,20.0,3.6735,90.2597,21.7195,,67.41,93.0,zhvi+income
323,Mount Holly Township,Township,BURLINGTON,3400548900,9981,83145.0,1.0,Mt Holly Township,398105,,344641.6094,110552.1187,115788.3525,127687.1623,145066.7088,169561.5974,196300.7969,229450.0303,233723.0737,221772.3553,203454.4593,199376.2536,182749.0245,176478.2276,169793.5082,174862.1335,177760.1251,182112.8175,182146.632,182632.2956,197188.7544,216768.2335,246816.742,282420.7795,297704.1348,333319.4742,349509.1605,344641.6094,-0.0139,0.3963,0.8925,0.0447,,,,,,,,,,,,,,,,,,,,,,,,,,,,4.1451,79.2208,43.2127,,67.22,94.0,zhvi+income
708,Glen Ridge Borough,Borough,ESSEX,3401326610,7802,248016.0,1.0,Glen Ridge,42270,,1206642.877,316757.9766,372303.0149,424175.6023,495620.9213,535354.5174,621649.3547,688071.3717,668628.3217,664798.6657,611655.7248,601018.4631,599306.8665,572570.7225,602518.5169,648886.099,667048.1305,699316.2207,730858.2015,744625.0685,756024.5386,788057.7568,891040.9567,983959.5409,1010288.618,1113910.824,1145194.892,1206642.877,0.0537,0.3542,0.7255,0.0528,3426610.0,GlenRidge,City,0.0,0.0,1.0,0.0,1.0,0.0,0.0,1.0,1.0,1.0,35.0,2.0,2.15,0.3333,1.0,3.0,1.6028,-0.3836,1322690.0,14.0,128.02,91.47,10.0,24.0,4.8652,61.2554,64.0271,81.9048,67.11,95.0,full
423,Magnolia Borough,Borough,CAMDEN,3400742630,4352,89489.0,1.0,Magnolia,8863,,328632.3302,93898.8166,97182.5279,104923.0844,116477.7551,138333.8939,165447.6021,191932.6346,197761.708,195032.8038,171992.1692,170345.0277,153919.4786,150485.5681,148650.3505,154597.3643,156497.3317,160350.7072,162670.1398,167627.8919,178658.4561,194648.6798,226517.213,264413.4252,284698.8485,311369.8685,324984.2465,328632.3302,0.0112,0.4508,1.0495,0.0494,,,,,,,,,,,,,,,,,,,,,,302335.0,20.0,105.1,70.13,7.0,10.0,3.6723,90.4762,20.362,,67.1,96.0,zhvi+income
1922,Vernon Township,Township,SUSSEX,3403775740,22358,113439.0,3.0,Vernon; Highland Lake; Glenwood,831874; 189129; 18307,,392421.4385,143062.0567,155002.2997,173975.5312,208969.7201,229532.6837,265576.6797,303134.7852,295415.4816,270347.3889,245598.9443,240308.8046,212029.4724,187730.2883,186553.9667,189500.9443,192847.7676,198214.8726,193810.1652,194857.7334,219728.3652,238852.1692,296025.5958,327770.6817,342997.6611,366035.644,382781.935,392421.4385,0.0252,0.3256,0.9798,0.0396,3475740.0,Vernon,Township,0.0,0.0,1.0,0.0,0.0,0.0,1.0,1.0,1.0,0.0,35.0,2.0,1.85,0.0,3.0,3.0,3.8691,2.0238,404780.0,17.0,103.97,60.82,25.0,29.0,3.4593,93.0736,76.0181,6.1905,67.09,97.0,full
1605,Little Falls Township,Township,PASSAIC,3403140620,13360,126518.0,1.0,Little Falls,43491,,625989.4461,199014.6862,223239.4607,243599.5385,281221.8397,318693.5742,361654.034,401292.8919,396794.078,367810.7519,340408.6059,351459.8925,331532.5551,331924.7537,327594.1747,345091.188,343700.4216,357676.8039,366721.4893,386954.6223,409104.1059,420299.4771,478519.911,517121.3117,543958.0432,590041.1304,604086.0953,625989.4461,0.0363,0.3082,0.7502,0.0451,,,,,,,,,,,,,,,,,,,,,,,,,,,,4.9478,59.0909,82.5792,,66.92,98.0,zhvi+income
1416,Lincoln Park Borough,Borough,MORRIS,3402740290,10915,119000.0,1.0,Lincoln Park,25599,,549193.2278,186610.4235,208498.663,234951.0147,266493.3238,303729.1586,344519.9273,376489.8503,367576.7058,342430.9357,328705.3709,314850.3631,294482.3672,286626.5506,281869.2747,302394.3312,306560.2266,314656.1605,323963.1344,337601.8461,348302.5932,364688.2255,405825.123,443648.035,470379.6573,518518.0045,539987.8354,549193.2278,0.017,0.3533,0.7454,0.0424,,,,,,,,,,,,,,,,,,,,,,589679.0,23.0,105.83,79.55,7.0,35.0,4.6151,67.9654,64.4796,,66.8,99.0,zhvi+income
328,Pemberton Borough,Borough,BURLINGTON,3400557480,1371,88333.0,1.0,Browns Mills,30621,,338076.6747,96617.5402,101416.4132,108658.6147,121292.4491,149202.3877,174336.8949,202753.7935,211054.7562,198709.4601,190816.881,185412.6655,173021.3783,171225.6362,163673.379,166976.4809,164721.9587,164158.0339,157726.4654,174324.916,186703.5435,201723.088,236322.6028,273827.6009,285062.8719,320211.8994,332071.1376,338076.6747,0.0181,0.4306,1.0595,0.0494,,,,,,,,,,,,,,,,,,,,,,298088.0,35.0,98.26,44.82,46.0,39.0,3.8273,86.1472,28.0543,,66.78,100.0,zhvi+income
437,Woodlynne Borough,Borough,CAMDEN,3400782450,2902,71635.0,1.0,Woodlynne,16021,,194182.2989,57377.5042,63087.8276,63478.713,67953.9284,80529.3901,95291.5154,114025.4187,126130.5357,118079.6085,105583.3558,101804.8777,81646.4346,66680.0329,63025.281,72010.7424,65304.0996,54018.9436,50755.7393,49768.5977,62845.8054,75961.0948,109745.0797,142324.561,157747.335,183493.924,210379.6174,194182.2989,-0.077,0.7694,2.5947,0.048,,,,,,,,,,,,,,,,,,,,,,212384.0,30.0,98.38,37.57,15.0,8.0,2.7107,99.5671,0.6787,,66.6,101.0,zhvi+income
306,Burlington Township,Township,BURLINGTON,3400508950,23983,96955.0,1.0,Burlington Township,37663,,398665.6005,129676.2465,139593.8325,154517.1726,179966.2378,208480.5246,238689.9158,269188.5644,272736.6287,257528.0227,230687.8697,221924.5481,202029.88,198627.8508,202106.0213,207750.2115,208475.0354,212478.1234,217056.5257,220347.8303,232235.5768,250580.7807,284094.126,327343.1104,348446.2892,378402.4514,394141.1806,398665.6005,0.0115,0.4033,0.8763,0.0441,,,,,,,,,,,,,,,,,,,,,,,,,,,,4.1119,79.6537,39.3665,,66.22,102.0,zhvi+income
332,Shamong Township,Township,BURLINGTON,3400566810,6460,124836.0,1.0,Shamong Township,57011,,573472.8535,209405.8456,223655.0664,249667.6448,292562.4928,334150.9325,374626.334,424026.3159,415131.6751,396107.1552,365321.1479,348805.3804,326406.2527,319081.5495,310373.1364,318854.3363,327453.8881,338759.9986,346030.9362,348045.2794,354260.4561,369579.4418,421445.4234,474339.4246,500944.3644,543275.5768,553744.9789,573472.8535,0.0356,0.3607,0.6929,0.0395,,,,,,,,,,,,,,,,,,,,,,,,,,,,4.5938,69.0476,60.4072,,66.17,103.0,zhvi+income
425,Mount Ephraim Borough,Borough,CAMDEN,3400748750,4651,95137.0,1.0,Mount Ephraim,6068,,315947.9605,94695.7817,97561.612,104578.7589,120770.0261,140827.5759,165601.5342,190439.695,199273.1793,193665.5623,174552.4532,175806.0203,161691.6837,150462.7399,143741.8504,145932.0767,144837.2808,148028.4277,146115.9747,148417.8052,161742.5771,177103.6388,207680.8103,239871.9827,260893.488,289721.0908,309895.2638,315947.9605,0.0195,0.5213,1.1344,0.0474,,,,,,,,,,,,,,,,,,,,,,364801.0,11.0,107.22,80.14,6.0,10.0,3.321,95.2381,7.6923,,66.06,104.0,zhvi+income
415,Gloucester Township,Township,CAMDEN,3400726760,66034,97936.0,2.0,Blackwood; Glendora,44192; 18302,,359394.5006,108357.4673,114366.1775,124047.4532,140662.0667,160997.5192,189189.6316,214044.4692,223375.6162,218176.4919,194952.2144,193008.4797,183074.8799,172487.3829,171822.527,174229.5228,176143.6326,178930.9688,177404.7345,177301.4603,190548.0098,205693.0283,244466.3686,286966.0388,304623.1101,331535.8538,343573.4194,359394.5006,0.046,0.4701,1.0086,0.0472,,,,,,,,,,,,,,,,,,,,,,331719.8,49.2,102.518,56.944,17.0,45.0,3.6697,90.6926,16.2896,,65.89,105.0,zhvi+income
410,Chesilhurst Borough,Borough,CAMDEN,3400712550,1536,89904.0,1.0,Chesilhurst,10802,,331270.1996,85676.0191,91965.8874,100499.8046,104024.4549,127637.5507,154013.2714,180799.5006,189981.3565,182216.7041,183232.7062,163314.3952,150392.4989,136459.1712,134461.8232,147425.8858,143254.338,140031.7796,138509.5673,146136.3708,168777.0275,185869.8562,225895.624,261913.662,269284.663,298041.8567,314791.0211,331270.1996,0.0523,0.4665,1.3657,0.0534,,,,,,,,,,,,,,,,,,,,,,334818.0,49.0,101.2,40.07,5.0,5.0,3.6847,89.8268,17.6471,,65.77,106.0,zhvi+income
1422,Morris Township,Township,MORRIS,3402748090,22974,194142.0,1.0,Morristown,53420,,920715.5717,303899.3418,337191.9736,373495.4899,426583.6836,483065.7157,539584.916,597680.9434,580728.4921,533457.3839,494939.0816,479252.3993,463975.9289,454696.7713,461521.6269,517406.8072,550535.1646,572582.3442,582662.4705,608919.5715,606732.5334,613322.5501,682358.3209,739553.8706,764939.6098,831663.2377,869295.6056,920715.5717,0.0592,0.3493,0.608,0.0436,,,,,,,,,,,,,,,,,,,,,,804562.0,18.0,105.01,72.0,38.0,33.0,4.7425,65.1515,66.2896,,65.53,107.0,zhvi+income
803,East Greenwich Township,Township,GLOUCESTER,3401519180,11706,143921.0,3.0,Mickleton; Clarksboro; Mount Royal,25878; 44621; 46645,,508833.3204,,,,,,,,,,,,,,,,,,,,,,,,,469744.4133,489988.1783,508833.3204,0.0385,,,,3419180.0,EastGreenwich,Township,0.0,0.0,1.0,0.0,0.0,0.0,1.0,1.0,1.0,1.0,35.0,1.0,1.0,0.25,2.0,2.0,3.3176,1.438,430265.75,19.25,100.2675,50.0875,3.0,12.0,3.5355,91.7749,,12.381,65.31,108.0,full
2001,Berkeley Heights Township,Township,UNION,3403905320,13285,198750.0,1.0,Berkeley Heights,28407,,983262.7386,364110.0877,402389.181,450974.8437,498035.1461,549392.7963,625485.5228,680928.0859,683940.5698,639626.8671,584834.1836,599747.4766,572034.8673,578796.5348,593734.0942,643262.8149,630903.3726,644566.7983,655265.9475,672432.3548,671845.7796,660048.4832,742979.8271,788961.9989,815730.3109,906632.7836,931829.5024,983262.7386,0.0552,0.3234,0.5255,0.0389,,,,,,,,,,,,,,,,,,,,,,,,,,,,4.9472,59.3074,77.1493,,65.25,109.0,zhvi+income
319,Maple Shade Township,Township,BURLINGTON,3400543740,19980,75732.0,1.0,Maple Shade Township,32685,,341010.5912,114814.1882,122958.8475,132865.8701,152001.1156,178448.2995,205545.4158,236197.5507,241054.2843,229568.9153,205418.072,197754.2421,183212.6236,173554.055,170936.4289,172398.6682,167165.4512,171422.2088,180209.4052,186047.0092,197382.589,219214.6607,247721.5483,277635.3926,292239.201,325952.9149,339201.4668,341010.5912,0.0053,0.3766,0.9893,0.0428,,,,,,,,,,,,,,,,,,,,,,,,,,,,4.5029,72.0779,51.3575,,65.17,110.0,zhvi+income
1220,South Amboy,City,MIDDLESEX,3402368550,9411,110125.0,1.0,South Amboy,54461,,534463.3155,153200.946,174666.4768,196560.9494,236075.6908,263487.6969,312304.196,350430.3797,352763.8315,321640.0131,289515.7666,284524.5662,263604.6061,244553.4718,245554.9541,257604.4525,259720.2421,279255.5879,286245.4003,302652.5359,329772.0132,344828.1144,400351.7044,427983.0741,458111.5094,490008.5597,523509.9223,534463.3155,0.0209,0.335,0.9139,0.0492,,,,,,,,,,,,,,,,,,,,,,499728.0,64.0,101.4,52.87,56.0,37.0,4.8532,61.4719,72.3982,,65.11,111.0,zhvi+income
1808,Franklin Township,Township,SOMERSET,3403524900,68364,118034.0,2.0,Somerset; Franklin Park,56814; 4805,,502628.9794,205249.224,228037.2825,258459.7688,303166.1041,336031.589,386716.4045,424408.6536,415920.6647,389100.3202,360203.0676,348019.8499,326853.6601,299859.0392,292674.4963,311684.8405,310020.1275,270570.367,279783.0173,292919.9249,307964.4085,322929.794,358771.8598,402166.0894,424137.8013,467460.1596,491912.9316,502628.9794,0.0218,0.401,0.8577,0.035,,,,,,,,,,,,,,,,,,,,,,468288.1714,23.6857,103.236,68.7677,68.0,105.0,4.2583,77.2727,40.4977,,65.01,112.0,zhvi+income
1435,Rockaway Township,Township,MORRIS,3402764080,25341,139383.0,1.0,Succasunna,47885,,670373.3966,,,,,,,,,,,,,,,,,388247.7615,396031.3807,404806.8817,417232.8131,439677.7394,497687.6473,542621.5188,567986.9177,630285.6898,660105.9154,670373.3966,0.0156,0.347,0.7267,,,,,,,,,,,,,,,,,,,,,,,709614.0,16.0,106.06,81.1,11.0,43.0,4.8096,63.2035,66.7421,,64.38,113.0,zhvi+income
426,Oaklyn Borough,Borough,CAMDEN,3400753880,3930,81514.0,1.0,Oaklyn,29207,,349176.2061,108318.7898,108787.1799,115613.9516,135264.7443,158105.7015,183272.713,217580.1868,225361.2138,216726.6546,190713.6127,191961.445,181099.0576,177013.3927,171612.7252,185617.2171,174913.322,175786.8365,182577.6059,183975.4261,202654.177,220681.893,248386.9017,289402.7896,311024.3737,339031.8984,360042.5731,349176.2061,-0.0302,0.4058,0.9864,0.046,,,,,,,,,,,,,,,,,,,,,,479739.0,30.0,102.87,55.66,13.0,9.0,4.2836,76.6234,38.914,,64.05,114.0,zhvi+income
815,Pitman Borough,Borough,GLOUCESTER,3401559070,8780,96199.0,1.0,Pitman,19963,,373401.7211,116624.1906,117596.2922,129629.9889,145028.2613,166230.429,194808.4641,216690.2152,229000.3668,222310.9158,207007.4915,201097.886,184905.0083,181004.5467,174949.0371,181217.85,181238.1477,187930.9189,187807.154,191327.7653,204954.4161,222942.3213,258063.1725,297758.849,316870.4349,345674.0484,360789.6473,373401.7211,0.035,0.4469,0.9869,0.0458,,,,,,,,,,,,,,,,,,,,,,348310.0,23.0,102.57,70.13,16.0,20.0,3.8816,85.4978,21.0407,,64.01,115.0,zhvi+income
801,Clayton Borough,Borough,GLOUCESTER,3401513360,8807,89375.0,1.0,Clayton,17465,,332479.3228,117887.5084,114708.2725,124575.7939,137025.4577,154260.4192,178307.9487,203224.9748,212632.8692,202253.2949,184922.9232,178468.7984,163437.2389,159529.0732,152690.6578,159688.8311,164032.994,165566.5333,170673.2287,171467.1506,178231.3825,193474.9242,224212.9996,267271.7896,286226.1228,306065.5546,328934.3707,332479.3228,0.0108,0.4829,1.0081,0.0407,,,,,,,,,,,,,,,,,,,,,,342813.0,35.0,100.23,35.78,26.0,29.0,3.72,88.961,13.8009,,63.91,116.0,zhvi+income
327,Palmyra Borough,Borough,BURLINGTON,3400555800,7438,85014.0,1.0,Palmyra,49513,,316434.466,100913.1809,104745.5698,112915.682,128994.7176,152599.3728,173033.8338,204784.4701,204143.599,194550.9523,181123.559,177109.1788,160177.1344,153505.2254,151575.7763,156047.6013,153724.2825,155673.1117,159966.403,160526.6328,173705.0872,188726.351,213649.0442,248371.8296,268946.6112,297589.3085,310179.1062,316434.466,0.0202,0.4811,1.0327,0.0449,,,,,,,,,,,,,,,,,,,,,,244867.0,29.0,100.47,34.35,26.0,36.0,3.7221,88.7446,14.2534,,63.91,116.0,zhvi+income
1519,Manchester Township,Township,OCEAN,3402943140,45115,58612.0,2.0,Whiting; Manchester,27934; 830775,,280394.9559,,,,,,,,,,,,,,,,,,,,,,,,,277267.5274,286563.1182,280394.9559,-0.0215,,,,,,,,,,,,,,,,,,,,,,,,,,,,,,,4.7839,63.8528,,,63.85,118.0,zhvi+income
264,Waldwick Borough,Borough,BERGEN,3400376400,10058,155526.0,2.0,Waldwick; Township of Washington,48302; 50052,,801665.3462,273524.7126,299674.1982,330705.2062,377693.3338,423855.9848,485165.9373,533292.743,516384.2157,489476.0136,463791.8758,454664.7255,451794.2664,447476.6942,466234.5425,490840.8022,493694.0123,504719.6449,518121.4543,528605.3513,528285.1646,547522.0359,604519.1602,652525.9701,671780.023,721163.641,759202.3948,801665.3462,0.0559,0.3261,0.5883,0.0422,3476400.0,Waldwick,Borough,0.0,0.0,1.0,0.0,1.0,0.0,0.0,0.0,1.0,0.0,10.0,1.0,1.0,0.5,2.0,3.0,1.8282,-0.1442,749592.0,51.0,110.14,90.64,20.0,22.0,5.1545,52.381,75.7919,74.7619,63.83,119.0,full
820,West Deptford Township,Township,GLOUCESTER,3401578800,22197,89283.0,1.0,West Deptford Township,397869,,365927.078,131346.7738,134152.8418,146540.7646,163109.1765,185796.1132,214720.0827,244522.0284,249982.9894,242704.169,227416.8566,222790.1812,203832.3719,198138.9597,193231.619,193618.3689,197094.4728,203438.6892,204522.35,203644.4054,211319.6965,224639.7924,256312.9928,292090.5452,309221.3744,334427.3293,348206.9813,365927.078,0.0509,0.4277,0.7987,0.0402,,,,,,,,,,,,,,,,,,,,,,,,,,,,4.0985,80.0866,30.0905,,63.42,120.0,zhvi+income
404,Bellmawr Borough,Borough,CAMDEN,3400704750,11707,74812.0,1.0,Bellmawr,37363,,320455.6005,100004.4668,102480.8452,108778.3212,122863.4108,142917.9004,172258.2874,194605.2936,199633.4409,199894.7002,183382.2833,181561.3097,169814.1406,163344.9962,160914.869,161872.665,161101.6383,157536.9341,157025.3235,159398.2622,173667.0875,192503.7792,226430.533,260901.4281,277061.6282,302338.6906,319605.8621,320455.6005,0.0027,0.4152,1.0342,0.0458,,,,,,,,,,,,,,,,,,,,,,349310.0,25.0,101.52,58.93,18.0,35.0,4.2835,76.8398,36.1991,,63.29,121.0,zhvi+income
114,Linwood,City,ATLANTIC,3400140530,6971,135904.0,1.0,Linwood,19037,,506769.7703,172468.1753,182775.5702,203717.4266,237551.2977,278395.5636,331739.2301,383091.9622,377238.8891,348768.9992,306325.8606,308708.8845,279416.1456,261655.9203,261643.0036,277285.9506,276554.2073,259693.8566,245083.518,253745.032,271599.0213,286057.847,341480.1193,389559.4587,416438.1596,456735.1637,480165.9869,506769.7703,0.0554,0.484,0.9514,0.0423,,,,,,,,,,,,,,,,,,,,,,548701.0,70.0,96.18,12.93,49.0,32.0,3.7289,88.0952,13.5747,,63.26,122.0,zhvi+income
1101,East Windsor Township,Township,MERCER,3402119780,30045,103656.0,1.0,East Windsor Township,4498,,483455.769,153126.3887,175810.4087,200955.8832,234725.2056,265282.6222,301356.1895,336872.5125,332575.732,307848.9139,283645.2903,281094.5983,259090.4559,246710.6181,248631.1668,255854.1885,261216.645,268764.5902,275534.3156,290704.9381,301166.5564,316205.1644,354026.6759,404720.4083,432221.347,473080.3962,488002.6416,483455.769,-0.0093,0.3656,0.7988,0.0452,,,,,,,,,,,,,,,,,,,,,,,,,,,,4.664,66.4502,56.7873,,63.23,123.0,zhvi+income
1415,Kinnelon Borough,Borough,MORRIS,3402737110,9966,178102.0,1.0,Kinnelon,21851,,872497.6836,328143.3394,380703.2795,420492.687,481875.0483,528024.8843,599026.9483,635985.8071,620040.019,586837.0572,547693.9092,516424.3811,495845.2472,499487.0425,506958.9284,549811.4421,560158.3964,564081.5559,567035.4186,592448.883,591555.8785,579008.0933,649516.5963,717881.4511,725868.4287,796335.0896,823902.389,872497.6836,0.059,0.3433,0.5468,0.0383,,,,,,,,,,,,,,,,,,,,,,927200.0,27.0,104.56,61.22,25.0,18.0,4.8989,60.3896,68.0995,,62.96,124.0,zhvi+income
2005,Fanwood Borough,Borough,UNION,3403922860,7774,176667.0,1.0,Fanwood,42402,,812395.8242,249440.0309,282058.762,314843.7234,361307.9992,399002.6136,451633.777,506070.0902,489453.2632,456331.0871,420121.3928,425911.5204,400310.3706,393771.3269,401963.2446,442136.61,454358.1144,480424.3762,512807.2974,532767.5667,538797.5326,532525.761,590018.0273,646729.4586,658539.5477,733672.6472,773181.4717,812395.8242,0.0507,0.3769,0.691,0.0465,,,,,,,,,,,,,,,,,,,,,,749592.0,26.0,103.21,60.98,16.0,24.0,4.5985,68.8312,50.905,,62.86,125.0,zhvi+income
2019,Union Township,Township,UNION,3403974480,59728,115938.0,1.0,Union,20883,,589879.4177,178918.6399,197932.7674,229542.0644,267032.2315,303462.9853,344680.6092,388168.7454,391060.3713,367014.0171,310775.6868,320856.8275,296362.6991,277174.2141,276577.1916,287242.2317,291203.1039,304650.1389,327472.7689,353294.112,375914.5499,393102.1949,450662.7119,491863.7868,519286.2012,548098.5778,576084.7264,589879.4177,0.0239,0.3089,0.9363,0.047,3474480.0,UnionTownship,Township,0.0,0.0,1.0,1.0,0.0,0.0,0.0,1.0,1.0,1.0,33.5,3.0,1.1,0.3333,2.0,3.0,2.2966,0.3535,526013.0,34.0,100.48,50.09,4.0,4.0,5.0879,55.4113,81.6742,57.619,62.53,126.0,full
424,Merchantville Borough,Borough,CAMDEN,3400745510,3820,91607.0,1.0,Merchantville,32815,,365182.5275,108343.0383,111669.1427,118168.8844,133639.4282,154577.1896,182313.5356,211190.3515,222391.3867,216194.7876,194848.6039,187959.5918,174681.5089,165411.0483,163286.6924,165587.7807,164816.7768,167992.4654,167123.3732,171217.2094,186557.8177,203183.7152,241575.2347,280532.7852,293065.6262,321395.3855,338968.3977,365182.5275,0.0773,0.5117,1.1738,0.0478,3445510.0,Merchantville,Borough,0.0,0.0,1.0,0.0,1.0,0.0,0.0,0.0,1.0,0.0,30.0,5.0,2.0,0.1667,2.0,3.0,1.8282,-0.1442,316328.0,19.0,99.09,33.39,9.0,12.0,3.9864,82.684,9.7285,74.7619,62.46,127.0,full
320,Medford Township,Township,BURLINGTON,3400545120,24497,160733.0,1.0,Medford Township,19296,,641059.5808,195823.0194,210243.2968,233864.806,269791.9352,312675.3374,352642.35,395868.7351,390041.6357,371403.0882,348535.275,336465.3962,316064.9846,318985.3149,336023.4361,348111.8177,348391.9426,354829.9648,359680.226,362469.081,372860.7629,389298.1825,444363.037,509840.5938,543404.9687,600418.0269,616418.0186,641059.5808,0.04,0.4426,0.8067,0.0467,,,,,,,,,,,,,,,,,,,,,,,,,,,,3.9884,82.4675,22.3982,,62.44,128.0,zhvi+income
2008,Kenilworth Borough,Borough,UNION,3403936690,8427,126295.0,1.0,Kenilworth,18815,,643644.8868,221781.463,253270.9622,279803.4733,330476.0677,377499.2572,447578.5116,495261.1356,485177.2314,457732.1201,400817.8665,417138.6641,381867.7923,363153.1803,365980.4766,391946.7053,386676.5362,397246.2086,413503.3045,425112.9643,433209.1049,444934.1376,507248.4226,541195.8076,568157.8836,595920.6817,627972.2805,643644.8868,0.025,0.2689,0.6203,0.0418,3436690.0,Kenilworth,Borough,0.0,0.0,1.0,0.0,1.0,0.0,0.0,1.0,1.0,1.0,12.5,3.0,2.0,0.25,2.0,4.0,2.4993,0.5688,642151.0,31.0,102.55,59.2,15.0,23.0,5.0964,54.9784,93.4389,46.1905,62.4,129.0,full
1301,Aberdeen Township,Township,MONMOUTH,3402500070,19329,124074.0,1.0,Cliffwood,37920,,519756.5883,134820.829,151949.6662,172824.6534,203966.8658,231937.0741,267540.5008,302447.3424,304629.8108,288415.649,262856.9496,257845.9216,248788.9135,240274.8919,231245.1924,257869.8078,253868.3637,265172.131,269687.2103,292346.8087,310855.9307,323318.155,396276.361,447095.6095,455643.037,498020.1615,535918.7163,519756.5883,-0.0302,0.3116,0.9601,0.0533,3400070.0,Aberdeen,Township,0.0,0.0,1.0,0.0,0.0,0.0,1.0,1.0,1.0,0.0,35.0,2.0,2.0,0.4286,2.0,3.0,3.4732,1.6033,,,,,,,4.1891,78.7879,81.448,10.4762,62.37,130.0,full
1423,Morris Plains Borough,Borough,MORRIS,3402748210,6153,149623.0,1.0,Morris Plains,53418,,745549.268,260126.6398,294846.3406,323823.6739,358207.4213,404010.2267,454277.5774,503813.6449,480787.2273,443225.3028,418078.9509,421644.1678,412320.4748,400131.3585,413410.5921,445927.3995,455862.8545,468446.1138,477136.3602,493369.8824,500188.3773,514572.1643,558984.7057,595854.2696,619864.664,685364.6267,715545.4705,745549.268,0.0419,0.3338,0.5915,0.0413,,,,,,,,,,,,,,,,,,,,,,732102.0,13.0,106.47,76.14,14.0,26.0,4.9829,56.9264,72.8507,,62.23,131.0,zhvi+income
253,River Vale Township,Township,BERGEN,3400363690,9909,199021.0,1.0,River Vale,6780,,990478.3555,321593.2955,350740.7518,388900.8839,446334.7952,498621.8774,573259.3391,618508.5907,606445.3361,565799.2263,577314.2617,564756.5718,564929.4421,571087.2799,587049.9475,623734.2124,635301.0036,651469.2717,660492.5488,659732.5497,657167.1711,670113.7562,737985.1905,801196.6493,811111.8804,895536.349,926473.7614,990478.3555,0.0691,0.3421,0.5204,0.0442,3463690.0,RiverVale,Township,0.0,0.0,1.0,0.0,1.0,0.0,0.0,1.0,1.0,0.0,32.0,2.5,2.0,0.5,1.0,4.0,2.1035,0.1483,,,,,,,4.9768,57.1429,68.552,63.8095,61.66,132.0,full
814,Paulsboro Borough,Borough,GLOUCESTER,3401557150,6196,68750.0,1.0,Paulsboro,56241,,245342.0212,67538.6001,66912.2777,72928.0195,79864.548,86724.835,107527.0454,124653.8854,129830.7156,130634.507,120552.7768,120577.3424,107278.1828,99152.2329,89511.4431,92206.7486,90208.9523,90840.4836,89311.6119,89599.747,105068.3723,120862.6149,150991.8945,178929.6651,193204.1121,208431.8462,231852.6787,245342.0212,0.0582,0.6249,1.7008,0.0509,,,,,,,,,,,,,,,,,,,,,,259859.0,47.0,99.76,38.0,20.0,30.0,3.5686,91.342,2.2624,,61.65,133.0,zhvi+income
260,Teaneck Township,Township,BERGEN,3400372360,41246,134311.0,1.0,Teaneck,47956,,702473.8103,208170.5999,234432.8973,263898.8156,304911.97,346055.2634,397459.9186,440753.3232,442443.398,418180.5239,388842.1138,380434.3136,364457.3587,356711.495,363905.914,384568.5827,384874.9912,398225.5857,422308.7979,440260.7853,454928.4583,474952.4115,538242.3123,585891.72,592467.8826,643830.71,698859.8484,702473.8103,0.0052,0.3051,0.764,0.0479,,,,,,,,,,,,,,,,,,,,,,,,,,,,5.2302,50.4329,83.0317,,61.3,134.0,zhvi+income
1323,Keansburg Borough,Borough,MONMOUTH,3402536480,9755,87484.0,1.0,Keansburg,12166,,390874.0015,94058.4083,105383.1466,122513.4464,142552.0351,166809.2926,202211.231,228942.3418,230280.1291,218046.0246,196472.6618,177885.9935,160064.8277,147648.5497,150786.7761,153689.6956,157059.6098,157873.1878,136636.7677,161693.2501,180515.2064,215476.2543,276996.0129,324135.4819,330329.8201,364646.8422,380112.7855,390874.0015,0.0283,0.4111,1.4759,0.0563,,,,,,,,,,,,,,,,,,,,,,432265.0,41.0,99.91,43.67,40.0,40.0,4.4679,73.3766,37.1041,,61.29,135.0,zhvi+income
418,Haddon Heights Borough,Borough,CAMDEN,3400728800,7495,126055.0,1.0,Haddon Heights,18426,,510419.1619,128023.1299,135100.4815,144461.3282,169125.6858,200889.4749,242586.7332,276882.2689,277116.5481,264296.1633,243699.1378,244651.3696,233395.7156,237876.5544,249545.8213,257875.1683,252007.4475,253282.5507,262619.5728,269165.235,283742.4653,305241.8949,352931.8319,391330.8367,418467.6897,462011.6172,490509.4699,510419.1619,0.0406,0.4462,1.0152,0.0546,,,,,,,,,,,,,,,,,,,,,,459750.0,14.0,104.33,64.82,15.0,17.0,4.0492,81.1688,21.4932,,61.28,136.0,zhvi+income
214,Emerson Borough,Borough,BERGEN,3400321450,7290,153963.0,1.0,Emerson,38388,,809324.1283,285499.6959,320202.9152,350988.4514,403483.5111,453659.9616,521777.4261,563392.4013,543711.956,523682.372,498166.9213,488707.9238,456801.5428,436727.7507,456388.5916,493079.1134,504632.2833,521221.7448,535719.5111,538827.2477,542268.8592,555155.6268,621021.3406,659800.2557,676345.4793,731575.5617,760408.5483,809324.1283,0.0643,0.3032,0.5527,0.0409,,,,,,,,,,,,,,,,,,,,,,975469.0,71.0,102.31,50.09,19.0,8.0,5.2566,49.7835,83.9367,,61.17,137.0,zhvi+income
330,Riverside Township,Township,BURLINGTON,3400563510,8003,74932.0,1.0,Riverside Township,15742,,315247.703,100394.8812,104105.8346,115155.1116,129948.266,153253.0907,178116.6881,208639.3949,217741.7275,203271.8618,194138.7236,180976.5887,164040.0583,158271.4448,153846.5744,160547.8785,156082.2026,158443.8124,161181.7627,163062.3349,174457.0713,186664.2174,219592.2371,256067.3994,274094.7911,304825.9369,316810.6512,315247.703,-0.0049,0.4356,0.9896,0.045,,,,,,,,,,,,,,,,,,,,,,,,,,,,4.2071,78.355,26.6968,,61.14,138.0,zhvi+income
2015,Roselle Park Borough,Borough,UNION,3403964650,13967,104418.0,1.0,Roselle Park,29512,,552963.105,148222.4847,168299.3413,192410.5239,232972.3125,265837.6425,308096.5798,351099.5053,354749.4963,327624.0459,276391.2903,298062.5527,277002.3961,247593.6075,250855.6343,263364.4695,267545.4513,278020.222,300401.8209,313404.913,333453.6568,348796.8632,426722.2819,473494.0498,480112.466,531123.8656,551875.3036,552963.105,0.002,0.2958,0.9889,0.0519,,,,,,,,,,,,,,,,,,,,,,569690.0,27.0,103.81,71.56,13.0,22.0,5.2957,48.9177,85.5204,,61.12,139.0,zhvi+income
1905,Frankford Township,Township,SUSSEX,3403724810,5302,113642.0,1.0,Augusta,23548,,553072.2907,,,,,,,,,,,,,,,,,,,,,,,,,521202.2557,529654.1572,553072.2907,0.0442,,,,,,,,,,,,,,,,,,,,,,,,,,,,,,,4.8668,61.039,,,61.04,140.0,zhvi+income
310,Delran Township,Township,BURLINGTON,3400517440,17882,106195.0,1.0,Delran Township,11083,,451347.6789,149527.7572,158233.1716,176111.7507,205192.6456,235664.126,269475.9911,310094.7876,314423.5132,290202.3637,265097.0587,259205.5673,236537.1432,233583.5936,234079.8616,243597.1824,244754.7939,247116.513,247702.2663,252202.0117,265063.9958,282889.881,315325.9721,363591.382,388640.7587,421180.5117,438461.0539,451347.6789,0.0294,0.4314,0.8265,0.0434,,,,,,,,,,,,,,,,,,,,,,,,,,,,4.2502,77.4892,27.8281,,60.94,141.0,zhvi+income
1433,Riverdale Borough,Borough,MORRIS,3402763300,4107,96667.0,1.0,Riverdale,13534,,493657.9755,178256.8522,197952.9995,223945.0333,255591.3314,295002.0197,329485.7613,362039.8679,346639.6138,323376.2271,303496.7823,296226.689,286035.1861,280292.3027,279028.797,288572.3109,289768.3365,296392.332,307195.2111,313727.0063,329481.5083,338958.296,370848.437,397316.7503,420339.826,458737.2194,474456.0257,493657.9755,0.0405,0.3312,0.6656,0.04,,,,,,,,,,,,,,,,,,,,,,422270.0,26.0,99.78,33.39,18.0,12.0,5.1068,54.329,73.9819,,60.88,142.0,zhvi+income
2003,Cranford Township,Township,UNION,3403915640,23847,148629.0,1.0,Cranford,31092,,798611.0252,275688.5757,305309.1476,346251.7987,393348.617,440670.5185,506550.7912,554489.2209,552429.2565,522495.9757,486960.3582,494151.0131,464111.7282,452510.3207,474185.6693,492428.5546,497495.5924,515390.1375,538934.9215,550839.7302,555722.9211,565713.0476,624744.9822,650267.3551,677780.3901,710765.4711,756609.4874,798611.0252,0.0555,0.2783,0.5495,0.0418,,,,,,,,,,,,,,,,,,,,,,366800.0,17.0,104.88,100.18,2.0,1.0,5.3732,46.1039,90.2715,,60.83,143.0,zhvi+income
2113,Knowlton Township,Township,WARREN,3404137320,2894,98750.0,2.0,Columbia; Port Murray,51499; 6575,,482677.5179,,,,,,,,,,,,,,,,,,,,,,,,,447550.4596,471664.59,482677.5179,0.0233,,,,,,,,,,,,,,,,,,,,,,,,,,,,,3.0,,4.8879,60.8225,,,60.82,144.0,zhvi+income
236,Montvale Borough,Borough,BERGEN,3400347610,8436,183664.0,1.0,Montvale,25968,,941509.6343,337966.3696,376196.5979,407098.2737,456771.2056,521960.5593,599760.7897,635712.3232,620662.6898,589163.8498,584071.6782,575408.5449,570307.9788,576880.9851,592085.8433,605480.9591,592731.0118,612365.4411,630639.6422,641794.6888,637237.7713,647275.7493,707653.4133,768999.9486,788674.4757,872005.5556,896715.5649,941509.6343,0.05,0.3305,0.5375,0.0402,,,,,,,,,,,,,,,,,,,,,,1261813.0,72.0,105.9,68.87,28.0,16.0,5.1263,53.6797,74.6606,,60.67,145.0,zhvi+income
1912,Hopatcong Borough,Borough,SUSSEX,3403732910,14362,114057.0,1.0,Hopatcong,52570,,460511.3631,125809.9617,141982.311,157529.1494,186949.1839,215550.6153,243513.633,280806.0965,276943.3205,260643.7229,235961.0176,241436.9147,215558.8145,196909.6781,184906.6138,189821.1395,203944.9247,208649.4387,207215.5428,218669.8081,244087.7484,267064.1676,316046.2722,348558.0418,365207.8947,408800.7603,441809.7293,460511.3631,0.0423,0.4571,1.2071,0.0512,,,,,,,,,,,,,,,,,,,,,,464747.0,23.0,104.62,67.81,59.0,67.0,4.0376,81.3853,19.2308,,60.67,145.0,zhvi+income
213,Edgewater Borough,Borough,BERGEN,3400320020,14336,137847.0,1.0,Edgewater,9859,,709731.5715,221324.8858,254820.2448,283222.5307,325355.2539,355055.3329,432696.1663,482343.0518,481865.4166,460429.7915,447306.7554,438881.3417,413966.3127,420340.1765,450803.4312,493315.8876,504962.4908,516285.1776,533546.5659,556779.2876,555082.5805,540889.0598,569711.3036,608045.7214,603301.2247,639743.9365,674767.598,709731.5715,0.0518,0.2458,0.3747,0.0458,3420020.0,Edgewater,Borough,0.0,0.0,1.0,0.0,1.0,0.0,0.0,1.0,1.0,1.0,35.0,2.5,1.5,0.6667,2.0,3.0,2.6888,0.7701,719608.0,99.0,99.17,21.31,126.0,48.0,5.1487,53.0303,95.4751,40.9524,60.62,147.0,full
1351,Upper Freehold Township,Township,MONMOUTH,3402574900,7273,169597.0,1.0,Cream Ridge,8146,,747356.8537,,,,,,,,,,,,,,,,,409510.6519,418019.0007,434088.4686,440166.8768,448545.7751,526529.4551,595793.3061,606638.1981,673745.0286,699120.578,747356.8537,0.069,0.4194,0.825,,,,,,,,,,,,,,,,,,,,,,,1019445.0,18.0,93.14,0.0,1.0,1.0,4.4067,74.6753,32.3529,,60.57,148.0,zhvi+income
1217,Piscataway Township,Township,MIDDLESEX,3402359010,60804,126308.0,1.0,Piscataway,398893,,605665.656,187110.1915,212459.9932,238490.3354,276851.8979,305122.9704,351636.8857,392315.4075,385649.7454,365677.1021,338505.3013,331271.8614,312779.4327,292533.0505,297999.3042,320621.0423,324815.2905,329990.7528,340181.3133,353268.3412,376408.9893,396742.9289,442139.8206,482641.2309,499027.7051,551218.1367,591909.4809,605665.656,0.0232,0.3699,0.8354,0.0462,,,,,,,,,,,,,,,,,,,,,,,,,,,,4.7951,63.4199,54.7511,,60.53,149.0,zhvi+income
1609,Pompton Lakes Borough,Borough,PASSAIC,3403160090,11127,119038.0,1.0,Pompton Lakes,53952,,567183.437,176868.6602,191810.0614,219209.6832,262212.2512,299481.6666,335127.1505,375491.5917,368606.7111,351347.5764,319574.2223,312681.364,284583.2676,267159.999,252708.845,276068.6768,276372.298,294533.877,299561.7916,309478.4793,337009.6239,356310.0029,412760.9606,456345.6757,472667.5946,523384.4234,542681.0246,567183.437,0.0452,0.3741,0.9257,0.0458,,,,,,,,,,,,,,,,,,,,,,489733.0,20.0,107.04,73.66,24.0,35.0,4.7647,64.5022,52.2624,,60.42,150.0,zhvi+income
1011,Frenchtown Borough,Borough,HUNTERDON,3401925350,1370,107969.0,1.0,Frenchtown,49005,,587776.4811,198599.3341,213474.8852,259055.6328,287116.3989,316230.8367,360526.7554,404550.9654,379004.9871,367047.719,338359.8538,334588.1791,300093.1504,299701.9653,309354.2735,351663.878,373476.4541,381700.0736,400686.4841,389498.0179,400555.5152,413713.41,462769.8084,497183.7035,515743.1607,554813.7345,572319.6766,587776.4811,0.027,0.2701,0.5399,0.0426,,,,,,,,,,,,,,,,,,,,,,474742.0,131.0,96.39,0.0,5.0,2.0,5.4439,44.1558,92.3077,,60.21,151.0,zhvi+income
1909,Hamburg Borough,Borough,SUSSEX,3403729220,3266,90655.0,1.0,Hamburg,45627,,401659.6101,123688.971,137023.8022,154538.8632,180351.4471,211094.3184,239853.0247,272798.6398,271552.9538,254777.2137,221067.8437,223652.3567,204002.7504,180903.7977,177628.9066,179113.1413,190803.4239,194718.4765,202262.6407,210969.187,224296.7004,237353.9114,282963.4684,318879.9737,334286.8873,370910.6353,388015.4808,401659.6101,0.0352,0.4195,1.0628,0.0463,,,,,,,,,,,,,,,,,,,,,,362303.0,26.0,102.45,58.44,18.0,25.0,4.4306,74.2424,32.1267,,60.2,152.0,zhvi+income
2105,Franklin Township,Township,WARREN,3404124960,2968,126250.0,1.0,Asbury,399495,,618762.7021,,,,,,,,,,,,,,,,,,,,,,,,,565020.6829,589101.9818,618762.7021,0.0503,,,,,,,,,,,,,,,,,,,,,,,,,,,,,1.0,,4.9011,60.1732,,,60.17,153.0,zhvi+income
257,Saddle Brook Township,Township,BERGEN,3400365340,14294,125935.0,1.0,Saddle Brook,6877,,675829.0369,200379.4561,223562.4042,245922.1536,289177.8077,332020.9346,379854.9028,424049.6048,415544.0393,393269.3273,363097.9272,361750.1021,347368.9473,344907.0232,358145.8352,372851.8991,374945.4845,391953.2273,406688.2814,430243.2724,443370.8402,464818.8484,522845.703,565252.0368,573367.7097,611100.2018,649066.316,675829.0369,0.0412,0.2926,0.7243,0.0479,,,,,,,,,,,,,,,,,,,,,,,,,,,,5.3665,46.7532,86.1991,,59.9,154.0,zhvi+income
1209,Metuchen Borough,Borough,MIDDLESEX,3402345690,15049,157779.0,1.0,Metuchen,25872,,700726.5307,191628.0016,223306.6071,252319.5539,294895.0773,317198.2216,373664.7392,414044.8313,403307.679,383326.4771,359320.9579,356353.3108,332405.425,319607.8412,328542.3301,366416.887,382704.1646,398370.5977,403864.6874,415114.7876,426845.4755,454718.8332,493039.8922,532990.8248,567034.2649,635147.1925,687835.9681,700726.5307,0.0187,0.4212,0.759,0.0511,,,,,,,,,,,,,,,,,,,,,,849538.0,49.0,108.15,79.63,47.0,40.0,4.4412,73.8095,31.6742,,59.76,155.0,zhvi+income
338,Willingboro Township,Township,BURLINGTON,3400581440,31889,91615.0,1.0,Willingboro Township,43775,,364249.8501,101299.4206,105749.3993,116109.4778,135241.7085,157473.9575,185196.9355,212908.947,220066.5916,200053.4934,173765.5413,162985.0623,142611.1077,125622.926,132416.9764,139770.2169,141552.8997,148418.1527,151352.9983,163867.3171,178961.04,199120.1755,244589.8702,297931.3586,308449.9927,345368.2984,359972.5356,364249.8501,0.0119,0.4892,1.4542,0.0505,,,,,,,,,,,,,,,,,,,,,,,,,,,,3.9759,83.1169,12.6697,,59.63,156.0,zhvi+income
1803,Bernardsville Borough,Borough,SOMERSET,3403505590,7893,231006.0,1.0,Bernardsville,10375,,1041439.558,428687.0494,474054.133,521188.2777,594527.3001,644419.0078,731344.3822,789543.9226,773713.1572,724298.6355,691528.3228,669035.6359,632901.8833,622680.3075,636597.5026,680164.943,677734.7325,673282.3356,665022.2853,681111.7112,676830.1119,669328.1248,735158.5276,824515.8389,861942.7632,970657.8087,997286.5953,1041439.558,0.0443,0.4166,0.5468,0.0347,,,,,,,,,,,,,,,,,,,,,,903708.0,12.0,110.33,77.92,30.0,18.0,4.5083,71.8615,35.0679,,59.6,157.0,zhvi+income
217,Fair Lawn Borough,Borough,BERGEN,3400322470,34927,147952.0,1.0,Fair Lawn,43697,,733536.7077,205417.7506,226283.5124,248512.2924,289528.9029,323503.9549,375321.093,409514.1768,403073.0181,379680.5771,350335.7285,347071.8153,334953.8824,330047.5657,336305.0619,372673.9307,396371.3745,420462.9174,429682.6002,447289.1656,466325.1743,482305.8444,540039.583,590822.3473,618395.1295,653378.1614,689533.6609,733536.7077,0.0638,0.3583,0.7446,0.0502,,,,,,,,,,,,,,,,,,,,,,749592.0,51.0,105.06,59.26,68.0,73.0,4.9579,58.2251,62.2172,,59.56,158.0,zhvi+income
1107,Lawrence Township,Township,MERCER,3402139510,33077,119689.0,1.0,Lawrence Township,189314,,471680.3895,170205.2007,192496.3548,219080.4,250362.7257,279192.7394,316384.6376,353267.62,351238.2756,315435.4474,292616.9185,288984.3945,267676.2383,254999.2314,257047.6009,285666.6029,287368.0892,294567.3394,296518.2141,305932.2739,313842.1729,325830.7934,351869.896,395356.3533,418068.9425,454706.4767,469813.4839,471680.3895,0.004,0.3405,0.6013,0.04,3439510.0,LawrenceTownship,Township,1.0,1.0,1.0,0.0,0.0,1.0,0.0,1.0,1.0,1.0,35.0,3.0,1.0,0.375,3.0,3.0,4.8757,3.0931,,,,,,,3.9409,83.7662,69.457,0.9524,59.49,159.0,full
427,Pennsauken Township,Township,CAMDEN,3400757660,37074,83412.0,1.0,Pennsauken,6463,,318413.7066,74873.6323,77967.9028,80041.4534,88878.2873,104260.4891,125799.4108,149210.5136,160664.7852,156601.3472,139839.4001,138222.5757,128047.2276,119999.3077,113975.5614,121696.9345,119935.5174,131079.3439,133355.4456,133368.4255,149634.8721,169699.0268,206759.5963,239431.8796,254277.0794,279170.8713,298422.6169,318413.7066,0.067,0.54,1.4292,0.0573,,,,,,,,,,,,,,,,,,,,,,329821.0,40.0,102.01,50.72,78.0,81.0,3.8174,86.3636,5.2036,,59.31,160.0,zhvi+income
436,Winslow Township,Township,CAMDEN,3400781740,39907,95064.0,1.0,Sicklerville,16117,,385967.3471,124290.7167,129853.6755,137993.5236,155670.956,177722.1743,207875.0744,238735.8328,248478.5538,235646.1993,209169.1376,202666.1178,183782.8143,172525.8191,171256.6897,179402.3387,181182.8038,180371.0937,186107.008,191071.0539,200837.9498,218173.9814,262859.4547,314424.2637,331081.4575,358013.1991,373758.7488,385967.3471,0.0327,0.4683,1.1399,0.0445,,,,,,,,,,,,,,,,,,,,,,372287.0,32.0,101.07,50.4,164.0,163.0,4.0601,80.5195,16.7421,,59.26,161.0,zhvi+income
118,Northfield,City,ATLANTIC,3400152950,8434,104042.0,1.0,Northfield,13042,,401963.7997,128178.3642,135723.8819,148487.4322,172148.2592,201417.3558,241518.3875,291732.5599,285054.8544,259979.0287,226595.2123,215469.6976,212611.3298,204489.9065,200815.3049,212775.6257,205483.4431,197153.7636,188631.7177,193826.4234,210781.9172,224959.1395,263244.6978,310377.8711,333256.4763,368698.0563,387953.5672,401963.7997,0.0361,0.527,1.0388,0.0449,,,,,,,,,,,,,,,,,,,,,,413525.0,83.0,98.55,23.57,35.0,35.0,3.8635,85.7143,6.3348,,59.25,162.0,zhvi+income
1902,Andover Township,Township,SUSSEX,3403701360,5996,123333.0,1.0,Andover,831875,Ambiguous Andover -> Township (1902); NZLUD match,574555.5883,,,,,,,,,,,,,,,,,,,,,,,,,517342.1856,545863.3214,574555.5883,0.0526,,,,3401360.0,Andover,Township,0.0,0.0,1.0,0.0,0.0,0.0,1.0,1.0,1.0,0.0,20.0,2.0,5.0,0.1111,1.0,4.0,2.5428,0.615,309831.0,10.0,103.67,100.18,3.0,1.0,4.6586,66.8831,,43.8095,59.19,163.0,full
237,Moonachie Borough,Borough,BERGEN,3400347700,3133,108359.0,1.0,Moonachie,32940,,661954.4717,,,,,,,,,,,,,349302.422,362370.4419,374016.6348,367279.3736,397526.8484,411051.1499,416752.5034,432510.4683,468156.372,513971.4112,556780.0122,578350.1702,610793.8493,640146.6623,661954.4717,0.0341,0.2879,0.6652,,3447700.0,Moonachie,Borough,0.0,0.0,1.0,1.0,0.0,0.0,0.0,1.0,0.0,1.0,,,2.0,0.0,3.0,3.0,1.5269,-0.4642,767083.0,60.0,95.11,0.0,3.0,2.0,6.1089,31.1688,87.3303,86.6667,59.08,164.0,full
435,Waterford Township,Township,CAMDEN,3400777630,10421,107862.0,2.0,Atco; Waterford Works,43966; 14490,,377289.8952,111198.8585,116065.1556,125282.1392,137713.006,162657.7934,194513.3032,225764.1454,235221.4656,225125.1403,204545.6626,200028.1163,181591.049,176820.4581,176234.7547,184215.0377,179290.839,185594.5083,189264.1918,195271.8748,204681.3938,219901.6492,262285.6911,298199.9358,312208.9726,343973.8234,359813.5485,377289.8952,0.0486,0.4385,1.0329,0.0481,3477630.0,Waterford,Township,0.0,0.0,1.0,0.0,0.0,1.0,0.0,1.0,1.0,0.0,35.0,,2.0,0.0,3.0,2.0,2.9762,1.0753,395285.0,21.0,102.52,55.66,20.0,18.0,3.4979,92.6407,24.6606,25.7143,58.91,165.0,full
1330,Marlboro Township,Township,MONMOUTH,3402544070,41502,176076.0,1.0,Morganville,35781,,878091.5402,,,,,,,,,,,,,,,,,504105.2862,520371.495,534327.8573,544693.2402,545462.2374,646936.0192,741165.186,759500.0564,833024.4484,856009.0607,878091.5402,0.0258,0.3573,0.7419,,,,,,,,,,,,,,,,,,,,,,,654644.0,26.0,103.88,50.09,13.0,12.0,4.987,56.71,62.6697,,58.7,166.0,zhvi+income
903,Guttenberg,Town,HUDSON,3401728650,12017,77636.0,1.0,Guttenberg,18420,,421237.3103,152060.1242,171146.0428,192117.4702,207566.3264,222547.7224,266935.2135,322260.4152,342758.8373,305926.9851,225297.1584,270619.5037,248089.5296,219160.8724,227836.1203,244702.026,244887.3609,265054.4942,289116.1122,309162.538,330871.0814,359243.2279,366139.8697,393690.7013,397539.9776,407332.5731,417338.1649,421237.3103,0.0093,0.1505,0.5892,0.04,3428650.0,Guttenberg,Town,0.0,0.0,1.0,0.0,1.0,0.0,0.0,1.0,1.0,0.0,35.0,8.0,2.0,0.8333,2.0,4.0,2.4993,0.5688,369799.0,70.0,97.22,27.83,64.0,18.0,5.4258,44.5887,98.6425,46.1905,58.5,167.0,full
1816,Raritan Borough,Borough,SOMERSET,3403561980,7835,103699.0,1.0,Raritan,26691,,562270.991,208200.0785,229081.0347,259815.6304,301015.2052,342435.8503,390833.2382,428460.5722,413058.1557,388398.8524,369761.0771,369553.6608,343052.061,321599.0669,310673.3121,341315.4,347756.5698,346552.4938,349508.3572,368599.8084,379967.2573,392522.0904,433234.3004,468463.7738,486063.5588,528883.8778,550862.3221,562270.991,0.0207,0.2978,0.6225,0.039,,,,,,,,,,,,,,,,,,,,,,522216.0,40.0,105.97,62.61,11.0,8.0,5.4221,45.0216,85.0679,,58.37,168.0,zhvi+income
2119,Phillipsburg,Town,WARREN,3404158350,15249,67782.0,1.0,Phillipsburg,53876,,345949.119,133884.9486,141805.71,152580.2071,176676.9085,202110.3747,234841.4945,265756.7275,263542.3289,,201704.4621,188089.9023,173810.8769,160269.9969,155944.3434,156788.3375,169904.3725,169190.1923,176046.0826,179874.7616,198204.5802,212921.1104,255999.8528,288633.6966,304189.8826,333750.0854,339540.8935,345949.119,0.0189,0.3514,1.0447,0.0372,,,,,,,,,,,,,,,,,,,,,,279848.0,26.0,99.41,35.96,56.0,40.0,5.1038,54.7619,65.3846,,58.3,169.0,zhvi+income
112,Hamilton Township,Township,ATLANTIC,3400129280,27484,85582.0,1.0,Mays Landing,46452,,315345.1293,97099.3488,101245.1728,108742.484,127692.869,145905.9917,178742.0024,214017.4105,221510.1457,205489.5111,169349.6531,167713.8754,160255.904,161972.7862,158225.7926,157960.1666,161128.5242,158322.6992,152240.7138,158802.6029,173012.961,188273.2869,222644.7859,255481.7827,273734.5248,299523.099,310887.2111,315345.1293,0.0143,0.4164,0.9918,0.0463,3429310.0,HamiltonTownship,Township,0.0,0.0,1.0,0.0,0.0,0.0,1.0,1.0,1.0,0.0,37.5,3.0,2.0,0.125,2.0,3.0,3.1281,1.2368,242368.0,51.0,99.86,25.04,33.0,33.0,3.6847,89.6104,35.2941,18.5714,58.27,170.0,full
506,Middle Township,Township,CAPE MAY,3400945810,20380,91040.0,2.0,Cape May Court House; Rio Grande,23945; 26765,,448665.8877,110016.6288,120183.7676,133322.3987,157237.0627,190935.8648,233580.5348,267060.347,263341.3732,255858.239,239084.8166,232159.0024,224174.4332,217329.5788,222269.9771,225791.3878,226448.1904,233170.0101,238694.4098,244757.2755,257149.5044,276581.7796,327842.474,376124.4838,387764.9973,415062.5448,432028.7216,448665.8877,0.0385,0.3685,0.9242,0.0556,,,,,,,,,,,,,,,,,,,,,,493726.0,94.0,98.73,8.35,44.0,36.0,4.9282,59.5238,55.2036,,58.08,171.0,zhvi+income
1514,Lakehurst Borough,Borough,OCEAN,3402937770,2636,80458.0,1.0,Lakehurst,46128,,376220.0944,95677.0817,106485.4841,122374.9937,146108.7811,179944.8962,214762.9545,245458.5469,237739.894,220595.1602,199915.7863,193128.3004,174277.5956,169218.9926,180438.1991,192139.4662,181831.1291,194076.4634,196755.2267,197324.1934,209878.5799,218597.7678,268951.8593,303206.7394,310642.5895,364449.5165,378672.9045,376220.0944,-0.0065,0.3988,0.9385,0.0541,,,,,,,,,,,,,,,,,,,,,,429766.0,12.0,100.52,60.11,5.0,5.0,4.676,66.2338,41.4027,,57.96,172.0,zhvi+income
2010,Mountainside Borough,Borough,UNION,3403948510,7020,210100.0,1.0,Mountainside,39910,,1084297.941,378263.4832,418957.6217,469178.7753,521357.3583,598535.9962,679918.7876,752104.4044,736658.697,694376.8654,604929.855,641302.9149,603153.3866,590731.0696,624808.1159,665816.2828,687920.3371,723721.5084,723422.6959,745844.1965,738378.0882,734203.142,809033.4804,875629.3874,907309.9696,996406.6849,1057963.88,1084297.941,0.0249,0.3402,0.4982,0.0413,,,,,,,,,,,,,,,,,,,,,,1041933.0,15.0,108.62,87.66,20.0,16.0,5.1609,51.9481,69.9095,,57.94,173.0,zhvi+income
335,Tabernacle Township,Township,BURLINGTON,3400572060,6776,110404.0,1.0,Tabernacle Township,47935,,532728.9803,183978.4602,193449.87,216416.1343,257684.6769,292477.9842,328416.4037,371848.8428,373728.3221,339311.5232,313840.5077,302248.1129,282718.5729,280199.2179,276825.123,287740.1104,287528.1267,300735.5456,307941.6883,309193.9326,322192.3344,339695.9874,385995.5691,432681.4623,456347.3254,499871.0989,517106.0828,532728.9803,0.0302,0.3801,0.7714,0.0417,,,,,,,,,,,,,,,,,,,,,,,,,,,,4.8253,62.1212,49.3213,,57.85,174.0,zhvi+income
317,Lumberton Township,Township,BURLINGTON,3400542060,12803,111739.0,1.0,Lumberton Township,36743,,505913.6875,164255.9248,175637.3221,193541.7005,224159.2256,258381.0489,298571.0955,334831.8867,336864.6345,316473.6726,288721.9781,282442.464,264987.3251,256715.3191,261668.6875,279340.4148,273235.8908,277774.9973,281421.0314,282750.2339,296710.0004,314542.0877,356043.6951,407796.4098,430700.607,473712.9442,488814.6967,505913.6875,0.035,0.4209,0.8213,0.0442,,,,,,,,,,,,,,,,,,,,,,,,,,,,4.5276,70.7792,31.9005,,57.82,175.0,zhvi+income
1214,North Brunswick Township,Township,MIDDLESEX,3402352560,43905,117301.0,1.0,North Brunswick,46780,,551952.7869,173623.0988,199431.2022,226777.416,260509.2403,288919.7464,334962.2484,373512.6762,362014.6404,341803.5048,317975.1218,313025.3052,293149.8626,275526.6533,278135.5587,300672.438,306486.1612,316372.8386,325437.813,329109.7029,345123.9043,357194.1759,394645.645,436827.1415,463991.3135,505982.1993,544971.9115,551952.7869,0.0128,0.3986,0.7446,0.0455,3452560.0,NorthBrunswick,Township,0.0,0.0,1.0,1.0,0.0,0.0,0.0,1.0,1.0,0.0,40.0,3.0,2.0,0.4167,2.0,3.0,2.2966,0.3535,,,,,,,4.7054,65.5844,42.0814,57.619,57.72,176.0,full
322,Moorestown Township,Township,BURLINGTON,3400547880,21355,154368.0,1.0,Moorestown Township,395758,,781636.386,299744.8648,328266.5949,365237.6234,417844.6384,469961.1308,526072.7889,577024.2534,578439.4887,544076.0279,506403.9834,503919.0612,471405.1404,464337.5415,468415.5951,492471.3331,494339.2474,503836.6357,501889.7277,503600.2133,505795.2655,511439.4636,574412.4897,638599.994,678069.8891,733408.9836,745783.4135,781636.386,0.0481,0.3608,0.5514,0.0376,,,,,,,,,,,,,,,,,,,,,,,,,,,,5.0635,55.8442,60.181,,57.29,177.0,zhvi+income
269,Wood-Ridge Borough,Borough,BERGEN,3400382570,10137,131412.0,1.0,Wood Ridge,48563,,707654.2357,212258.6537,240775.1391,271249.4435,328106.5718,368331.3206,420678.371,461232.4898,453115.4164,430633.263,400669.7881,381512.5484,349527.7941,345942.2085,345767.5757,375359.8851,376126.491,402110.7773,424614.5822,460302.077,468035.6088,479647.8906,537472.9343,581102.8453,591661.7906,642138.6186,674043.1226,707654.2357,0.0499,0.3166,0.7598,0.0474,,,,,,,,,,,,,,,,,,,,,,676632.0,73.0,101.59,53.94,37.0,27.0,5.385,45.671,80.0905,,57.14,178.0,zhvi+income
432,Stratford Borough,Borough,CAMDEN,3400771220,6981,100735.0,1.0,Stratford,15963,,353762.9585,94798.0326,99331.5899,107948.9463,125222.4581,140380.3782,164533.2238,193753.0491,198739.2193,195114.1119,172307.3651,170855.5273,157964.882,155533.086,155561.6264,164584.7948,169638.3842,170112.7333,172317.6484,173737.7223,183631.3634,204282.1681,236617.4286,277347.5095,289355.3586,317819.1639,336243.5064,353762.9585,0.0521,0.4951,1.0796,0.052,3471220.0,Stratford,Borough,0.0,0.0,1.0,0.0,0.0,0.0,1.0,1.0,1.0,0.0,18.5,3.5,1.0,0.3333,2.0,1.0,2.8169,0.9062,366051.0,29.0,103.32,55.66,12.0,18.0,3.5118,91.9913,11.991,32.381,57.09,179.0,full
428,Pine Hill Borough,Borough,CAMDEN,3400758770,10764,68725.0,1.0,Pine Hill,33424,,288326.6491,85035.919,88482.7293,93920.4906,102596.3668,117904.763,137953.2363,164006.7687,175292.7246,168853.8278,148942.7892,146766.1299,135152.7464,124577.2825,124584.6617,131374.5159,125887.9563,124757.3921,120987.6901,120183.4625,133231.7614,149595.2714,185202.1557,218986.0244,232901.7841,259570.6539,277520.9467,288326.6491,0.0389,0.5568,1.3111,0.0481,3458770.0,PineHill,Borough,0.0,0.0,1.0,0.0,0.0,1.0,0.0,1.0,1.0,0.0,24.0,1.0,2.0,0.3333,2.0,3.0,2.0457,0.087,270853.0,27.0,101.58,47.59,19.0,41.0,4.1954,78.5714,4.5249,66.6667,57.08,180.0,full
1012,Glen Gardner Borough,Borough,HUNTERDON,3401926550,1682,98750.0,1.0,Glen Gardner,52224,,572723.6846,223624.8574,252579.0077,262054.6151,298983.9263,330445.1372,372545.1389,410279.5178,390838.3305,374401.7765,340038.6407,357832.8863,339970.8087,325941.6626,315345.7803,336102.7708,334959.0441,340048.7025,350188.7918,355491.2043,380360.1434,384559.6748,457134.0716,497354.2354,501791.1166,548398.3942,561488.1151,572723.6846,0.02,0.2529,0.6842,0.0368,,,,,,,,,,,,,,,,,,,,,,439761.0,17.0,103.88,55.66,9.0,9.0,5.7997,38.0952,95.0226,,57.07,181.0,zhvi+income
223,Hackensack,City,BERGEN,3400328680,46030,82212.0,1.0,Hackensack,38835,,475258.5375,148348.1332,167923.9119,190948.4459,223295.4022,255407.8815,300512.502,340494.8367,337107.9942,321474.9916,292345.5972,279877.0609,,236966.1976,244932.6318,261112.5568,260746.642,274945.1667,282938.4611,301245.3155,320072.4868,337458.2969,378055.7799,403830.6993,412578.4516,441734.004,461099.8296,475258.5375,0.0307,0.2571,0.7286,0.0458,,,,,,,,,,,,,,,,,,,,,,379793.0,76.0,100.8,39.81,129.0,80.0,5.7809,38.3117,94.5701,,57.06,182.0,zhvi+income
311,Eastampton Township,Township,BURLINGTON,3400518790,6191,105450.0,1.0,Eastampton Township,51822,,485523.0482,161454.0176,169747.9042,188114.266,218471.4199,259221.3426,297324.4465,329034.6508,328071.8332,317561.4372,311969.999,327089.3023,280079.1471,259521.7761,259824.2399,264940.8794,259718.8081,264155.8428,268866.1694,276536.5653,288726.1164,303153.1427,342516.4635,394080.3668,417001.7774,457041.0723,475187.941,485523.0482,0.0217,0.4175,0.838,0.0433,,,,,,,,,,,,,,,,,,,,,,,,,,,,4.6043,68.3983,34.3891,,57.06,182.0,zhvi+income
1333,Millstone Township,Township,MONMOUTH,3402546560,10376,199747.0,1.0,Millstone Township,395667,,963148.0672,323039.5099,366910.4469,415444.0026,463618.2962,525264.0589,604610.8551,649373.9387,634561.1965,573372.8493,562207.7984,514512.0005,507856.7273,479888.9536,473104.3337,499780.4172,508085.05,532401.2254,550908.6924,563141.2447,571124.0315,574265.1227,692123.4333,803235.9518,825009.1398,885426.8819,909390.5179,963148.0672,0.0591,0.3916,0.8091,0.0429,,,,,,,,,,,,,,,,,,,,,,,,,,,,4.8218,62.5541,45.9276,,57.01,184.0,zhvi+income
406,Berlin Township,Township,CAMDEN,3400705470,5867,74828.0,1.0,West Berlin,21762,,362276.5248,116632.7343,122786.7957,128134.1631,146393.7632,171290.9604,197905.24,232128.7893,241273.7288,228861.6483,208285.989,198606.316,185491.6359,180981.8486,175517.0733,181161.4314,170562.9865,173361.303,190431.3878,191956.9445,200151.6791,215601.2661,260833.456,300370.0666,315545.6702,350063.3975,354705.9024,362276.5248,0.0213,0.3889,1.0897,0.0446,,,,,,,,,,,,,,,,,,,,,,407278.0,47.0,104.58,100.18,4.0,6.0,4.8415,61.9048,46.8326,,56.88,185.0,zhvi+income
219,Fort Lee Borough,Borough,BERGEN,3400324420,40191,105535.0,1.0,Fort Lee,11491,,599917.5012,221904.7181,247749.2003,284133.7659,323594.1295,354953.3498,427665.7474,473425.9032,461007.6593,439880.1675,364971.628,349147.6788,335080.9648,345754.837,364360.5484,392305.9766,395872.7935,399438.6871,413317.0085,423631.2353,429116.5298,444296.2361,469389.7922,498552.4634,509856.7304,538713.0879,563206.5902,599917.5012,0.0652,0.2781,0.5019,0.039,,,,,,,,,,,,,,,,,,,,,,482238.0,84.0,99.04,25.8,281.0,135.0,5.6845,39.6104,90.724,,56.65,186.0,zhvi+income
203,Bergenfield Borough,Borough,BERGEN,3400305170,28321,124083.0,1.0,Bergenfield,44137,,654528.4904,186066.2167,209374.7889,240522.0418,277477.9637,310062.1468,360658.9699,398461.2732,392812.0024,365378.6624,329814.3636,324795.1518,306741.4615,302473.1726,308353.2641,334076.1848,344894.2964,362196.2554,387120.414,400918.4882,416078.5268,437618.6512,488788.0561,533262.3895,548116.5928,603840.9519,628098.0811,654528.4904,0.0421,0.3391,0.8071,0.0496,,,,,,,,,,,,,,,,,,,,,,729603.0,73.0,108.68,79.55,58.0,35.0,5.2749,49.3506,70.5882,,56.43,187.0,zhvi+income
1421,Montville Township,Township,MORRIS,3402747670,22450,170472.0,1.0,Pine Brook,42807,,933005.2769,,,,,,,,,,,,,,,,,630045.7917,632941.7057,641482.0776,651719.1302,641797.3195,713020.9338,775607.7891,801621.4157,872255.9782,898060.5731,933005.2769,0.0389,0.3085,0.4809,,,,,,,,,,,,,,,,,,,,,,,925719.6842,17.0,106.2445,73.3976,59.0,76.0,5.4731,43.29,82.3529,,56.31,188.0,zhvi+income
247,Park Ridge Borough,Borough,BERGEN,3400356130,8883,165391.0,1.0,Park Ridge,53809,,866437.0255,309521.3212,349395.9677,385360.71,431693.3266,484577.3673,563670.1922,608561.5654,588379.2522,555916.5,520778.5353,506807.3051,491539.9751,486313.2233,502314.8215,540254.7698,554766.7735,567366.4776,582328.0325,587924.7963,582009.1758,591517.4296,654776.8851,707880.7404,734651.1038,798140.9348,832520.9866,866437.0255,0.0407,0.3233,0.5271,0.0404,3456130.0,ParkRidge,Borough,0.0,0.0,1.0,0.0,0.0,1.0,0.0,1.0,1.0,0.0,32.0,2.0,1.0,0.5385,1.0,4.0,2.4957,0.5649,1051428.0,70.0,110.18,89.63,15.0,19.0,5.2387,50.0,77.3756,47.619,56.25,189.0,full
721,West Caldwell Township,Township,ESSEX,3401378510,11012,154439.0,1.0,West Caldwell,21214,,818200.328,268556.6879,303855.9162,339286.1739,381187.6733,415436.742,485523.6619,539383.3758,530396.3105,502293.6577,476095.3829,476744.1839,455540.2338,437830.2324,449507.5093,498376.6382,508587.1521,516632.269,527523.6313,539814.4965,535038.9332,547204.1756,612090.9104,661782.4495,686757.6854,758630.7549,780616.305,818200.328,0.0481,0.3367,0.5837,0.0438,,,,,,,,,,,,,,,,,,,,,,784573.0,17.0,110.76,87.11,9.0,24.0,5.2979,48.7013,71.267,,56.22,190.0,zhvi+income
1208,Jamesburg Borough,Borough,MIDDLESEX,3402334890,5783,117719.0,1.0,Jamesburg,5313,,472557.417,131452.4797,147708.9945,167863.3929,195998.468,214747.7628,249304.7435,273714.0919,270953.3629,253745.5798,237027.366,228747.7328,209628.0372,196980.9582,201633.6028,215543.6714,216974.8416,231801.0013,246321.3282,250190.7408,262313.973,272935.1166,304788.4991,345957.8692,380041.4753,426238.6734,454825.2508,472557.417,0.039,0.5504,1.0386,0.0504,,,,,,,,,,,,,,,,,,,,,,409277.0,50.0,101.0,50.09,16.0,18.0,4.0143,81.8182,4.7511,,56.13,191.0,zhvi+income
318,Mansfield Township,Township,BURLINGTON,3400543290,8897,108851.0,1.0,Mansfield Township,49526,,524781.832,204799.5526,212848.9553,235278.4593,264067.4125,302124.2026,346491.5583,378232.4802,375782.1239,351808.0819,324395.225,312861.3325,283927.8638,270534.7488,266254.7876,276678.7962,286794.8358,297561.1803,304775.7184,306873.1915,324054.5321,338249.1903,375443.4765,427329.0683,447373.8076,483823.7247,505991.7023,524781.832,0.0371,0.3978,0.7636,0.0369,,,,,,,,,,,,,,,,,,,,,,,,,,,,4.8211,62.7706,42.7602,,56.1,192.0,zhvi+income
403,Barrington Borough,Borough,CAMDEN,3400703250,7075,84334.0,1.0,Barrington,50870,,378714.041,115115.9268,116709.2975,126950.621,144714.3279,165549.3085,201406.2582,226822.6545,232194.2422,228025.5562,205489.2967,206205.2573,196088.7755,189511.4398,189283.0427,195188.4657,191336.4575,190566.4459,195881.1968,195977.6289,206539.4154,223885.0554,262653.1041,299904.7028,325101.9047,359606.3102,369596.376,378714.041,0.0247,0.4419,0.9873,0.0469,,,,,,,,,,,,,,,,,,,,,,389688.0,23.0,102.39,52.09,11.0,26.0,4.4906,72.5108,22.8507,,55.96,193.0,zhvi+income
1328,Manalapan Township,Township,MONMOUTH,3402542990,40905,151297.0,1.0,Manalapan Township,15592,,809660.9391,237542.7592,275450.142,310139.3202,351924.6594,390651.1072,444561.994,483126.8732,469461.8019,443516.3742,420632.7193,411170.9378,395209.5144,387089.7808,400248.8188,432241.8255,442771.702,452259.3329,464342.602,487796.0089,507282.1648,520783.8734,606438.9063,697774.2032,711943.0276,769170.2299,789749.0221,809660.9391,0.0252,0.3351,0.7903,0.0483,,,,,,,,,,,,,,,,,,,,,,,,,,,,5.3515,47.8355,72.1719,,55.95,194.0,zhvi+income
313,Evesham Township,Township,BURLINGTON,3400522110,46826,116745.0,1.0,Evesham Township,51952,,508427.5257,157616.4008,167089.6641,185282.8125,214853.161,248683.8368,283199.4032,318736.947,320946.1125,299469.0457,278077.9039,273536.4536,255122.4023,251206.6198,249685.4979,262751.8583,262752.6138,274212.7596,279622.0366,285969.7781,291322.1978,306752.7665,346395.0232,395899.124,427054.845,470764.8254,492412.9362,508427.5257,0.0325,0.4678,0.8541,0.0461,,,,,,,,,,,,,,,,,,,,,,,,,,,,4.355,75.3247,17.1946,,55.95,194.0,zhvi+income
1425,Mountain Lakes Borough,Borough,MORRIS,3402748480,4472,250001.0,1.0,Mountain Lakes,32998,,1243806.523,514188.4603,566227.5869,632917.8175,723569.1684,788091.6709,888591.1188,952826.3071,916188.9726,852188.7712,776703.2937,744187.463,749270.3892,757291.0021,777753.9735,810454.4141,815792.2089,839143.0092,841581.8164,855091.8138,846950.569,820929.5432,905477.3356,998175.1964,1017077.325,1130181.229,1172243.003,1243806.523,0.061,0.3736,0.4822,0.0346,,,,,,,,,,,,,,,,,,,,,,1424225.0,18.0,105.47,66.79,17.0,12.0,4.9752,57.5758,52.4887,,55.88,196.0,zhvi+income
2016,Scotch Plains Township,Township,UNION,3403966060,24968,173564.0,1.0,Scotch Plains,20391,,854449.8817,287486.6618,326058.8908,360750.6624,409110.3379,454081.8971,524441.114,574564.3924,563305.1192,523534.7914,468568.2451,482296.5125,459554.1593,439595.4733,454631.3532,492328.8161,500829.8544,521399.4731,545990.1233,564532.2687,563845.3219,557218.1516,616956.188,665512.8521,679181.5148,768800.2909,811620.3935,854449.8817,0.0528,0.3849,0.6388,0.0428,,,,,,,,,,,,,,,,,,,,,,,,,,,,4.923,59.7403,47.9638,,55.81,197.0,zhvi+income
1219,Sayreville Borough,Borough,MIDDLESEX,3402365790,45345,98629.0,2.0,Parlin; Sayreville,19855; 20377,,551312.0492,189004.9306,213320.6512,240498.2597,278310.0771,312097.8618,364315.821,399866.3426,394317.8017,372338.1728,341127.6691,328781.566,304518.6868,278204.2734,282696.8578,302466.2104,305849.7686,320181.8326,324268.5268,340868.1203,364246.4387,366367.2096,425942.0728,454699.7753,470322.3125,494164.1659,528411.9168,551312.0492,0.0433,0.2943,0.7219,0.042,,,,,,,,,,,,,,,,,,,,,,549701.0,49.0,102.27,55.0,108.0,104.0,5.5898,40.6926,85.7466,,55.71,198.0,zhvi+income
1906,Franklin Borough,Borough,SUSSEX,3403724930,4912,90152.0,1.0,Franklin,18189,,388983.1747,139075.4487,154041.4718,171833.7866,198372.918,229938.676,260560.9789,292625.8021,281608.8369,259871.9175,234067.5961,228296.4082,204008.8575,182097.9042,180942.5236,186200.8318,185451.9547,183837.3893,184550.8792,194985.2543,212277.6648,227923.0027,286038.75,313121.9299,329668.1108,376289.2082,387459.9342,388983.1747,0.0039,0.3599,1.1159,0.0404,3424930.0,FranklinBorough,Borough,0.0,0.0,1.0,0.0,0.0,1.0,0.0,1.0,1.0,0.0,35.0,2.0,2.0,0.2273,3.0,3.0,3.4769,1.6072,374796.0,14.0,106.62,62.61,14.0,8.0,4.3147,75.7576,61.086,9.5238,55.53,199.0,full
1104,Hightstown Borough,Borough,MERCER,3402131620,5900,107431.0,1.0,Hightstown,52521,,485960.2682,129410.7366,151386.8155,175851.532,209149.6463,236088.7556,281217.0654,311783.0695,308653.9522,282630.1544,261336.9449,264534.3482,251814.4812,235184.923,233248.9408,232273.7664,237967.5123,246670.0361,246815.7539,261040.2762,274504.5565,295578.9847,337500.8749,382695.4781,409460.0284,448909.256,465462.354,485960.2682,0.044,0.4399,0.9701,0.0522,,,,,,,,,,,,,,,,,,,,,,514720.0,40.0,100.01,33.39,19.0,9.0,4.5235,71.2121,23.9819,,55.47,200.0,zhvi+income
1438,Washington Township,Township,MORRIS,3402777240,18197,164639.0,1.0,Long Valley,49769,,745283.7039,284243.0362,316965.011,350668.1835,394072.2857,440716.0472,495908.6504,545200.2094,518702.3798,482105.8084,451308.3112,429184.3397,416895.7184,414255.4723,423660.9186,454870.7957,466338.3957,474405.5704,480206.1247,487999.8559,490669.8012,498088.7087,563154.2974,622736.5359,637137.6864,696695.1229,725995.2488,745283.7039,0.0266,0.3234,0.571,0.0378,3477240.0,WashingtonTownship,Township,0.0,0.0,1.0,0.0,0.0,0.0,1.0,1.0,1.0,1.0,35.0,2.25,2.0,0.0,4.0,5.0,4.5761,2.7749,677408.0,8.0,109.32,66.79,2.0,3.0,4.5268,70.9957,76.9231,2.8571,55.44,201.0,full
704,Cedar Grove Township,Township,ESSEX,3401311200,12980,153038.0,1.0,Cedar Grove,14839,,781379.621,273736.7467,300717.8647,340988.9912,395358.6758,431709.1276,491570.3101,545702.3427,545212.618,517410.9984,471196.4077,468124.8369,461225.9243,441892.3792,444127.8301,489882.3192,499742.8431,500343.7233,514703.7248,535126.7671,545265.1602,552527.7107,618376.2465,653908.9041,665509.3663,725676.57,749525.1691,781379.621,0.0425,0.2636,0.5617,0.0412,3411200.0,CedarGrove,Township,0.0,0.0,1.0,0.0,0.0,0.0,1.0,1.0,1.0,1.0,34.5,2.5,1.0,0.4,2.0,3.0,3.1281,1.2368,,,,,,,5.1058,54.5455,93.8914,18.5714,55.39,202.0,full
1204,East Brunswick Township,Township,MIDDLESEX,3402319000,49715,140769.0,1.0,East Brunswick,15471,,640035.0199,200715.2747,228190.0905,256646.5102,298440.4354,324463.6259,372895.2226,409591.2123,396642.4732,370689.8942,350879.3531,345836.6411,317670.6977,300194.6096,309655.2708,336015.5163,342407.7266,354668.0002,360567.8553,377548.2755,394511.1452,398142.5128,445688.2706,491539.2908,519710.7359,581324.4136,618384.5945,640035.0199,0.035,0.4361,0.8046,0.0456,3419000.0,EastBrunswick,Township,0.0,0.0,1.0,0.0,0.0,1.0,0.0,1.0,1.0,0.0,35.0,2.5,1.75,0.375,1.0,3.0,2.3401,0.3996,,,,,,,4.5467,69.697,26.0181,55.2381,55.16,203.0,full
119,Pleasantville,City,ATLANTIC,3400159640,20629,52403.0,1.0,Pleasantville,26551,,247524.497,69997.5713,72839.4049,76774.9003,89928.8226,108001.5101,133112.2607,161409.8035,173520.8135,162801.4511,131786.1354,119344.0658,99270.1474,92121.0536,87487.5884,91747.3956,94106.1286,83912.5422,75534.9019,90429.407,111689.6594,127576.0903,157568.0358,183481.8365,201643.4905,228441.1503,238413.0537,247524.497,0.0382,0.5709,1.9498,0.0498,3459640.0,Pleasantville,City,0.0,0.0,1.0,0.0,0.0,1.0,0.0,0.0,0.0,0.0,48.0,2.5,2.0,0.2222,2.0,4.0,1.5555,-0.4338,242368.0,75.0,96.07,19.08,65.0,43.0,4.7235,65.368,3.3937,84.7619,54.72,204.0,full
1614,Wayne Township,Township,PASSAIC,3403177840,54838,151561.0,1.0,Wayne,27808,,757928.7336,279959.4022,307045.02,340754.5187,390803.4196,436926.4492,482910.785,538402.7042,533091.2826,498216.0188,462211.5685,442194.3554,417475.256,411371.2505,410587.4247,440730.7812,439997.7911,456125.9414,457882.9479,466640.6356,478557.748,485740.5012,550673.3606,600612.9609,632075.9975,691856.2877,712351.0109,757928.7336,0.064,0.3764,0.6617,0.039,,,,,,,,,,,,,,,,,,,,,,,,,,,,5.0008,56.2771,51.5837,,54.71,205.0,zhvi+income
2017,Springfield Township,Township,UNION,3403970020,17178,146059.0,1.0,Springfield,41030,,726417.969,240188.682,262493.2581,301230.933,341043.3579,383763.6259,435748.7224,481388.0459,479955.7293,454153.3174,403306.8611,409609.6222,387023.6223,372480.416,386713.7398,412125.2463,417429.3679,432677.6286,458294.288,463983.2201,465744.7371,470447.8087,527548.8265,565706.85,601972.7969,677519.439,724095.3596,726417.969,0.0032,0.377,0.6789,0.0435,3470020.0,SpringfieldTownship,Township,0.0,0.0,1.0,0.0,1.0,0.0,0.0,1.0,1.0,1.0,35.0,2.75,2.0,0.5455,2.0,3.0,2.3437,0.4035,630374.4348,17.1739,101.7513,57.8717,43.0,46.0,4.9735,57.7922,50.6787,51.4286,54.42,206.0,full
235,Midland Park Borough,Borough,BERGEN,3400346110,7014,140063.0,1.0,Midland Park,25884,,764541.9609,277633.4807,302500.548,333388.1224,380533.9354,427180.0387,492602.9451,535527.2509,519159.6292,496319.3426,449525.1442,436495.8702,410747.4421,404523.5319,424671.684,459228.3205,466699.6271,479712.69,485412.5234,496913.9748,499650.1416,511766.8797,576257.1257,613078.7225,628573.9624,686647.4167,729195.4419,764541.9609,0.0485,0.3267,0.5937,0.0397,,,,,,,,,,,,,,,,,,,,,,694622.0,14.0,108.22,71.56,18.0,14.0,5.4586,43.7229,75.5656,,54.34,207.0,zhvi+income
421,Lawnside Borough,Borough,CAMDEN,3400739420,2955,70338.0,1.0,Lawnside,12339,,310824.0815,89410.5014,94369.4569,101454.724,107196.2533,129701.7928,153033.2939,176943.5948,185210.1733,182658.0401,168289.3962,157601.0145,142958.3931,141596.0725,143301.4369,150077.8331,139708.9027,140659.6286,142465.5932,144068.6287,160894.7133,170942.7157,209657.483,246857.7275,258439.8739,282202.6835,299397.7689,310824.0815,0.0382,0.4825,1.2098,0.0491,,,,,,,,,,,,,,,,,,,,,,288843.0,18.0,99.2,50.09,10.0,8.0,4.419,74.4589,14.0271,,54.31,208.0,zhvi+income
417,Haddonfield Borough,Borough,CAMDEN,3400728770,12550,190882.0,1.0,Haddonfield,18427,,861158.4601,227627.6586,244574.615,270117.9235,317141.6175,360605.5458,418140.1045,473371.2479,478347.6956,457924.896,419632.1221,421432.016,402446.2662,392695.4275,407095.1271,437779.3205,438639.884,452925.6892,467055.2181,479791.4367,496158.5359,516336.2453,589015.5055,657581.1612,693869.5447,757508.6897,795428.2087,861158.4601,0.0826,0.462,0.9013,0.0525,,,,,,,,,,,,,,,,,,,,,,879521.0,20.0,103.52,54.82,22.0,54.0,4.5115,71.645,18.7783,,54.02,209.0,zhvi+income
1813,Montgomery Township,Township,SOMERSET,3403547580,23690,223409.0,1.0,Skillman,29517,,1061216.447,412208.5732,467924.2869,525536.7653,587647.0837,642702.7703,734927.1313,785359.33,746927.8288,716161.6265,690835.5699,681973.6458,660509.8793,632972.8408,629981.5541,675700.6885,671942.7827,673871.9231,675070.3163,683429.3137,690776.8607,669001.5692,747826.671,842424.597,895022.1355,993797.8354,1026312.758,1061216.447,0.034,0.4191,0.5748,0.037,,,,,,,,,,,,,,,,,,,,,,849538.0,20.0,104.94,100.18,3.0,1.0,4.7501,64.7186,32.5792,,54.01,210.0,zhvi+income
907,Kearny,Town,HUDSON,3401736510,41999,83212.0,1.0,Kearny,5382,,590269.1598,175366.2806,193674.7218,220472.26,257862.7358,297824.2517,355530.1972,398362.5846,407736.29,371322.5023,311598.5094,311111.3362,275546.4628,265269.1805,282819.7945,303167.0008,313518.117,333985.3389,353160.841,376850.5497,394075.9647,422355.4063,463366.7836,499040.0666,514492.9919,549243.3198,576937.7526,590269.1598,0.0231,0.2739,0.7674,0.0478,3436510.0,Kearny,Town,0.0,0.0,1.0,1.0,0.0,0.0,0.0,1.0,1.0,0.0,25.5,2.5,2.0,0.2,1.0,3.0,1.5557,-0.4336,599674.0,70.0,99.62,40.5,74.0,48.0,7.0936,20.1299,91.629,83.8095,53.92,211.0,full
1313,Englishtown Borough,Borough,MONMOUTH,3402521570,2346,101736.0,1.0,Englishtown,17985,,583043.7382,177819.3191,200332.1781,227080.0536,263826.0456,298257.5259,338320.3472,367959.2076,354908.4335,353596.4278,335726.7412,340279.7159,326976.4831,307514.4436,302705.5454,328951.006,320564.212,335790.4905,342250.9164,358631.8104,370506.1273,376468.6786,448631.6188,505537.1537,513932.854,559725.6297,575885.6667,583043.7382,0.0124,0.2996,0.7363,0.0467,,,,,,,,,,,,,,,,,,,,,,434763.0,37.0,99.19,40.07,5.0,10.0,5.7309,38.5281,84.6154,,53.89,212.0,zhvi+income
254,Rochelle Park Township,Township,BERGEN,3400363990,5814,118259.0,1.0,Rochelle Park,20206,,643302.9532,187842.1881,202919.6968,232184.2394,275322.8822,311211.1865,362797.7247,397926.223,396122.7981,378751.7619,331596.9727,326974.0249,317627.3975,318241.8533,330822.5449,343229.5794,349649.0291,365336.0251,378676.3937,392838.2591,412806.0566,433307.1779,484627.0334,523547.0211,541590.2281,584858.0755,620710.5411,643302.9532,0.0364,0.3274,0.7609,0.0485,3463990.0,RochellePark,Township,0.0,0.0,1.0,0.0,1.0,0.0,0.0,1.0,1.0,0.0,15.5,2.0,2.0,0.8,2.0,3.0,2.3437,0.4035,,,,,,,5.4398,44.3723,75.3394,51.4286,53.88,213.0,full
1318,Hazlet Township,Township,MONMOUTH,3402530690,20125,121307.0,1.0,Hazlet Township,397230,,620171.6702,161052.3767,185285.0934,211370.9307,242942.8896,276873.6967,321283.7719,350920.4731,340146.3852,325506.0428,294506.1207,291160.0546,280095.8428,269264.9364,275612.8379,297617.1812,308794.5235,321272.7485,335088.6612,351423.2995,366570.7143,376441.8053,451952.1531,504950.7532,516971.8119,566179.5534,589497.0766,620171.6702,0.052,0.3722,0.9304,0.0532,,,,,,,,,,,,,,,,,,,,,,,,,,,,5.1124,54.1126,53.3937,,53.87,214.0,zhvi+income
1003,Bloomsbury Borough,Borough,HUNTERDON,3401906370,792,88068.0,1.0,Bloomsbury,17072,,503088.07,229569.6811,251484.9899,277893.9473,312169.9537,339175.5624,384636.1473,417645.8827,399904.8621,374448.551,344822.5227,324672.6124,296104.2084,284796.6935,280867.1297,295416.6504,292403.3613,296919.533,310060.0267,310686.0334,323379.5492,335230.0706,385482.6486,415157.3521,425337.1577,464249.4021,481781.653,503088.07,0.0442,0.3051,0.6944,0.0306,,,,,,,,,,,,,,,,,,,,,,369799.0,9.0,98.96,33.39,3.0,3.0,5.7125,39.1775,83.2579,,53.87,214.0,zhvi+income
2007,Hillside Township,Township,UNION,3403931980,22456,98558.0,1.0,Hillside,55745,,524449.7821,163919.4287,180217.5944,206820.8873,244328.371,274081.4098,323443.363,366405.6163,380947.6022,346523.0904,292871.3446,262100.3457,226565.7344,195181.5658,193100.1131,203735.4642,207884.0312,219040.8732,234308.8771,259233.2314,295789.0437,325900.7384,387836.696,439505.0834,469787.2966,507859.2563,533132.5168,524449.7821,-0.0163,0.3522,1.3943,0.0457,,,,,,,,,,,,,,,,,,,,,,,,,,,,5.3212,48.2684,64.9321,,53.82,216.0,zhvi+income
407,Brooklawn Borough,Borough,CAMDEN,3400708170,1815,55882.0,1.0,Brooklawn,16654,,250377.4118,90013.4011,90766.3433,93122.7824,101667.5408,119445.0529,145702.0468,169436.1408,173241.2969,178041.5392,165929.6526,165171.8564,148346.4143,126989.0625,115646.3785,119092.3289,117347.4721,119006.2902,115099.1879,113848.6803,128465.6253,139184.8251,169853.4119,197474.4146,211332.1738,241884.481,252429.1629,250377.4118,-0.0081,0.4741,1.1039,0.0401,,,,,,,,,,,,,,,,,,,,,,215883.0,52.0,111.46,42.93,5.0,7.0,4.4805,73.1602,14.9321,,53.75,217.0,zhvi+income
1017,Lambertville,City,HUNTERDON,3401938610,4139,106236.0,1.0,Lambertville,5529,,655711.5731,251236.7585,291122.8199,315992.0377,353646.6515,392673.5161,442530.5203,484906.1791,477524.1889,454945.536,421060.4312,403969.259,357398.6302,351821.2084,356124.394,379128.9666,398070.0012,409615.6343,428464.4583,453234.4458,456907.7941,472577.4608,530841.9857,581390.813,589145.4046,641972.5795,642415.3119,655711.5731,0.0207,0.2352,0.6008,0.0376,3438610.0,Lambertville,City,0.0,0.0,1.0,0.0,1.0,0.0,0.0,1.0,1.0,1.0,35.0,2.5,3.0,0.75,1.0,3.0,2.293,0.3496,632156.0,40.0,100.0,53.04,19.0,17.0,6.1722,29.6537,95.9276,59.5238,53.69,218.0,full
309,Delanco Township,Township,BURLINGTON,3400517080,4824,75361.0,1.0,Delanco Township,4334,,368487.1818,136525.5278,139851.8191,156097.7283,171865.2354,200151.0663,232865.1299,266680.2981,274140.7959,260555.0663,242483.2077,237513.5367,207373.6446,194126.5782,200743.2231,205068.1188,195923.8334,196406.048,195294.1681,197493.8032,214232.6195,228649.0166,262850.4337,303918.3647,323403.9614,355680.6384,365773.1265,368487.1818,0.0074,0.4019,0.8761,0.0389,,,,,,,,,,,,,,,,,,,,,,,,,,,,4.8896,60.6061,39.5928,,53.6,219.0,zhvi+income
1708,Penns Grove Borough,Borough,SALEM,3403357750,4837,43889.0,1.0,Penns Grove,22377,,204335.9667,49459.645,54517.4194,59230.8592,63487.5963,68038.4183,69901.3459,85548.9428,88399.2827,85922.473,80637.3006,76712.2727,71657.3146,69735.9645,70360.7632,61640.22,63859.0993,68021.3725,70213.2838,75438.9148,75264.4402,86582.2103,120773.4774,159505.1337,173541.2532,194228.4257,205074.7113,204335.9667,-0.0036,0.6919,2.004,0.0561,3457750.0,PennsGrove,Borough,0.0,0.0,1.0,1.0,0.0,0.0,0.0,0.0,1.0,0.0,22.0,5.25,1.25,0.5714,2.0,3.0,1.781,-0.1942,254861.0,66.0,99.48,50.09,22.0,8.0,4.6557,67.316,1.5837,77.1429,53.34,220.0,full
256,Rutherford Borough,Borough,BERGEN,3400365280,18834,136069.0,1.0,Rutherford,26885,,763133.8039,220117.0287,235908.5658,271781.2913,322460.9071,373966.3078,423625.0067,473362.3047,469998.8661,445205.7201,413806.5143,409254.5266,389287.5171,389733.06,398876.2333,418917.5008,425072.9991,458581.0568,479967.4601,496293.4315,513105.042,543262.0289,598216.3335,632355.8271,648463.6258,684181.0606,726360.6497,763133.8039,0.0506,0.2757,0.6641,0.049,3465280.0,Rutherford,Borough,0.0,0.0,1.0,1.0,0.0,0.0,0.0,1.0,1.0,1.0,10.0,1.5,1.0,0.2857,3.0,3.0,2.6925,0.774,849538.0,69.0,104.32,60.11,53.0,46.0,5.6084,40.4762,90.9502,39.5238,52.86,221.0,full
431,Somerdale Borough,Borough,CAMDEN,3400768340,5566,79101.0,1.0,Somerdale,27146,,358700.9083,106897.7511,109006.1984,119237.3645,135353.7801,157089.4778,185703.9856,215765.3379,221956.5073,215258.113,194933.2834,193450.7973,178623.0129,174202.4934,173592.9993,175443.1415,173440.2571,176301.9913,178946.7856,179179.3766,191819.3597,205635.8027,244468.6105,287619.664,304057.9579,330885.4216,341955.5272,358700.9083,0.049,0.4673,1.0346,0.0477,,,,,,,,,,,,,,,,,,,,,,309831.0,21.0,101.18,58.93,19.0,17.0,4.5347,70.3463,17.4208,,52.7,222.0,zhvi+income
1303,Allentown Borough,Borough,MONMOUTH,3402500760,1734,134583.0,1.0,Allentown,30170,,748665.7192,236456.8104,256099.5427,291355.005,333410.2848,377666.7358,434136.7371,480058.7976,464127.7189,436904.8108,407500.9151,385488.1927,397126.9441,387037.391,384200.2971,410399.3626,424918.9163,445361.7682,452791.5137,480511.9504,476620.878,485226.8115,563009.702,629530.5536,642603.1553,702319.1828,725415.9503,748665.7192,0.0321,0.3298,0.681,0.0453,,,,,,,,,,,,,,,,,,,,,,492232.0,11.0,100.88,33.39,3.0,6.0,5.5629,41.342,75.1131,,52.6,223.0,zhvi+income
108,Egg Harbor Township,Township,ATLANTIC,3400120290,47842,96068.0,1.0,Egg Harbor Township,4529,,415261.9174,127021.6624,133713.7051,145666.7903,165658.5762,193110.6558,234009.7143,277006.1676,280031.9504,257771.7678,220357.9701,209695.1011,199777.6112,194162.4634,200820.4177,208560.0214,204980.3446,197052.4982,188509.9831,200081.8961,214749.4479,230202.2323,272107.6006,321627.3144,340781.7371,371524.4483,394952.9504,415261.9174,0.0514,0.5261,1.1074,0.0466,,,,,,,,,,,,,,,,,,,,,,,,,,,,4.3226,75.5411,6.5611,,52.55,224.0,zhvi+income
806,Glassboro Borough,Borough,GLOUCESTER,3401526340,23149,80388.0,1.0,Glassboro,24869,,376345.1102,124440.8719,127627.9247,135864.3725,152802.9295,175120.964,202318.6842,229132.5332,238321.3282,233209.8442,212482.0318,206090.1698,191789.66,186917.8604,184936.7643,187256.4255,190288.3491,197082.885,204147.0185,206613.4795,214242.619,226626.9129,262000.9763,306819.4376,321527.757,355214.6165,365520.7244,376345.1102,0.0296,0.4364,0.9096,0.0435,,,,,,,,,,,,,,,,,,,,,,359804.0,17.0,100.83,45.54,41.0,34.0,4.6816,65.8009,25.7919,,52.46,225.0,zhvi+income
105,Buena Vista Township,Township,ATLANTIC,3400108710,7033,79436.0,1.0,Milmay,9137,,409930.5632,,,,,,,,,,,,,,,,,,,,,,,,,409703.7609,418745.8528,409930.5632,-0.0211,,,,,,,,,,,,,,,,,,,,,,,,,449755.0,87.0,98.66,33.39,2.0,3.0,5.1605,52.1645,,,52.16,226.0,zhvi+income
1403,Butler Borough,Borough,MORRIS,3402709040,8047,110375.0,1.0,Butler,48902,,568782.0002,187900.9018,209286.9433,237959.9933,271709.1333,312960.673,348772.3047,383140.5924,372221.2361,352438.6023,334390.5469,331957.6702,310377.8368,303036.2318,295225.9695,321147.4189,329118.8919,342213.6663,347658.1112,356964.0157,364686.2579,367456.9173,412857.1688,448222.8091,468255.1387,515774.9117,545628.429,568782.0002,0.0424,0.3777,0.6621,0.0435,,,,,,,,,,,,,,,,,,,,,,619663.0,18.0,105.78,80.14,15.0,26.0,5.1532,52.5974,50.0,,51.73,227.0,zhvi+income
714,Newark,City,ESSEX,3401351000,311549,48416.0,1.0,Newark,12970,,486844.7289,180851.8554,198716.7458,214533.3365,245167.4962,278254.7516,333336.2741,394198.9058,422575.9087,392838.3869,344429.4422,287502.4498,234067.5711,211434.7517,194793.89,212544.1265,208999.5495,244435.8895,262735.7962,274527.7425,309349.4951,354188.687,396175.1619,438918.4949,468269.7925,492675.1192,495747.7608,486844.7289,-0.018,0.2289,0.9917,0.0388,3451000.0,Newark,City,0.0,0.0,1.0,1.0,0.0,0.0,0.0,0.0,1.0,1.0,60.0,5.0,1.0,0.6923,1.0,2.0,0.8845,-1.1466,609668.0,60.0,102.33,59.16,545.0,283.0,10.0555,7.1429,96.3801,96.1905,51.71,228.0,full
2108,Hackettstown,Town,WARREN,3404128710,10248,91250.0,1.0,Hackettstown,5027,,502022.4619,182412.7731,202439.4479,228969.5079,264968.8277,297367.503,333148.5961,368392.2633,363009.1812,351769.2351,306581.8496,285900.9405,264946.1622,246772.0992,248063.0644,268830.6446,277380.5619,283716.1787,285286.9575,291109.6507,304797.2569,322618.6462,374820.725,413914.0722,427356.208,469209.1018,488485.6808,502022.4619,0.0277,0.3394,0.7695,0.0397,,,,,,,,,,,,,,,,,,,,,,499728.0,15.0,105.34,77.06,11.0,27.0,5.5016,42.4242,70.1357,,51.66,229.0,zhvi+income
906,Jersey City,City,HUDSON,3401736000,292449,94813.0,1.0,Jersey City,25320,,665140.4158,173208.4013,197051.369,230192.3988,266476.8157,308149.0744,379827.2928,455071.5144,468147.192,433486.3028,362575.0807,349364.7153,303791.375,280122.6589,289452.4663,325906.3827,351019.0527,403310.1848,448971.4749,510797.9839,524936.1707,544148.1769,582895.3745,617409.8469,609808.5429,650192.4783,673638.4597,665140.4158,-0.0126,0.1411,0.6492,0.0531,3436000.0,Jersey,City,0.0,0.0,1.0,1.0,0.0,0.0,0.0,1.0,1.0,1.0,40.0,4.0,1.0,0.6667,1.0,4.0,2.0564,0.0983,728104.0,49.0,99.42,30.35,846.0,517.0,7.0153,20.9957,98.8688,65.7143,51.64,230.0,full
2013,Rahway,City,UNION,3403961530,29556,90852.0,1.0,Rahway,8854,,547382.1144,146189.6512,161335.2683,181078.2722,218502.002,251764.03,290730.4919,335952.1148,343076.3379,324573.0072,282065.6901,272001.2597,242451.4646,230439.6208,225707.5684,236917.2541,237212.7693,241283.5626,264800.4728,292201.6506,312473.5902,335126.5789,406720.657,445859.3253,470409.0236,514566.222,549862.8174,547382.1144,-0.0045,0.3458,1.2686,0.0521,3461530.0,Rahway,City,0.0,0.0,1.0,1.0,0.0,0.0,0.0,1.0,1.0,1.0,50.0,3.0,1.0,0.7778,1.0,3.0,1.9008,-0.067,554698.0,34.0,102.77,71.8,68.0,61.0,6.025,33.5498,67.4208,71.9048,51.61,231.0,full
232,Lyndhurst Township,Township,BERGEN,3400342090,22519,109021.0,1.0,Lyndhurst,25687,,657152.7331,189693.1548,210845.5126,240895.3449,273608.512,315897.8328,365743.9904,407427.7063,407546.5124,384692.404,348468.4332,352282.7615,335126.0975,328870.615,318016.5821,346090.2976,349989.1373,371092.5083,386802.5531,405718.3504,415089.647,433132.4214,490070.6358,524160.1921,543501.9192,601873.4137,635589.7817,657152.7331,0.0339,0.3409,0.7709,0.0489,3442090.0,Lyndhurst,Township,0.0,0.0,1.0,1.0,0.0,0.0,0.0,0.0,1.0,0.0,35.0,3.0,2.0,0.2,2.0,4.0,1.9367,-0.0289,,,,,,,6.0278,33.3333,69.2308,70.4762,51.59,232.0,full
610,Millville,City,CUMBERLAND,3401146680,27491,67190.0,1.0,Millville,53338,,263127.3926,92844.5343,97260.1389,98590.7994,103645.2266,119185.7115,141788.4598,172593.9889,182403.8875,181338.5016,162232.8254,143284.4438,141962.918,139898.2949,138328.2742,134423.6822,135350.9126,136737.4758,134632.4223,133885.0789,139514.7514,151514.1694,179248.4018,209080.2779,219416.5326,240236.7548,258502.0605,263127.3926,0.0179,0.4679,0.9243,0.0409,3446680.0,Millville,City,0.0,0.0,1.0,0.0,0.0,1.0,0.0,1.0,1.0,0.0,35.0,,1.0,0.6667,2.0,3.0,3.081,1.1867,261108.0,44.0,98.8,33.39,115.0,98.0,3.9162,84.1991,16.9683,20.9524,51.58,233.0,full
1221,South Brunswick Township,Township,MIDDLESEX,3402368790,47043,145575.0,3.0,Monmouth Junction; Kendall Park; Dayton,9181; 42156; 21484,,702422.6816,234370.4635,265802.7213,304167.3857,346776.6324,379970.5416,435916.9981,487166.3407,467646.1835,443001.375,417758.2094,411588.9728,394788.0658,379713.303,388628.6415,417171.8665,425628.841,450206.1493,456999.8554,463316.1409,472860.7035,470048.9501,520187.8177,576469.0645,602451.4431,658153.8888,696788.4071,702422.6816,0.0081,0.3503,0.5602,0.0431,3468790.0,SouthBrunswick,Township,0.0,0.0,1.0,0.0,0.0,1.0,0.0,1.0,1.0,0.0,35.0,3.0,2.0,0.4706,3.0,3.0,3.1318,1.2406,644949.0,67.0,101.3267,47.7033,65.0,66.0,4.8252,62.3377,65.8371,15.7143,51.56,234.0,full
1210,Middlesex Borough,Borough,MIDDLESEX,3402345900,14636,107063.0,1.0,Middlesex,53300,,556523.5758,181134.7848,197036.386,225532.254,261476.7369,281061.9793,327924.779,362377.7839,353538.3993,333653.4747,300682.8349,300938.8745,271600.9088,256738.1783,261942.3353,281990.6034,292032.2911,308201.4471,315248.4008,334209.8478,356395.0866,349440.6332,404966.7486,434220.8619,455314.69,493090.9609,534667.4292,556523.5758,0.0409,0.3742,0.8057,0.0441,,,,,,,,,,,,,,,,,,,,,,550700.0,45.0,104.22,71.09,22.0,32.0,5.1981,51.2987,52.0362,,51.54,235.0,zhvi+income
211,Elmwood Park Borough,Borough,BERGEN,3400321300,21422,100852.0,1.0,Elmwood Park,17965,,625505.827,198596.6994,219774.7547,247181.7121,287554.7815,329585.9919,382703.323,423949.6111,415210.6397,386359.2837,346050.738,336001.1769,321091.7903,319886.9236,328171.0493,349449.7344,348958.4236,369046.4638,382851.3901,401867.7683,419200.585,443454.8775,501560.418,539378.4304,544241.7814,577288.1386,603911.7309,625505.827,0.0358,0.2471,0.6949,0.0451,,,,,,,,,,,,,,,,,,,,,,637153.0,66.0,102.99,64.4,45.0,29.0,6.2022,29.4372,95.2489,,51.37,236.0,zhvi+income
718,Roseland Borough,Borough,ESSEX,3401364590,6299,160644.0,1.0,Roseland,50223,,832559.3827,265114.9622,298715.026,331665.8722,380646.8913,402098.7411,465573.6973,503845.8885,513588.6114,492358.5714,460534.1584,451102.1858,452792.3916,445015.127,463897.0426,512221.6436,521617.8496,524058.7418,538758.0145,535942.7727,540267.0497,549801.3116,604437.7534,655534.284,669953.5684,740607.81,806377.3173,832559.3827,0.0325,0.3774,0.5887,0.045,,,,,,,,,,,,,,,,,,,,,,864530.0,22.0,104.61,58.93,19.0,17.0,5.1826,51.5152,50.4525,,51.16,237.0,zhvi+income
312,Edgewater Park Township,Township,BURLINGTON,3400520050,8930,78977.0,1.0,Edgewater Park Township,45082,,356878.0539,104099.0481,108694.6557,117170.5343,137980.3449,160222.8308,183875.283,216356.3608,218011.1747,206497.8087,189080.3422,186494.8342,167770.4344,157827.9226,152779.1345,156414.3423,158720.031,164721.2398,169052.3933,169715.1222,186764.5001,206563.1988,237736.6383,275445.5152,289696.9237,321810.86,336861.7739,356878.0539,0.0594,0.5011,1.1666,0.0485,,,,,,,,,,,,,,,,,,,,,,,,,,,,4.5188,71.4286,10.6335,,51.16,237.0,zhvi+income
250,Ridgefield Park Village,Village,BERGEN,3400362940,13224,98184.0,1.0,Ridgefield Park,42713,,606008.0296,159401.2187,179107.5479,203081.018,239835.5106,274083.0257,320007.7649,343608.482,349256.2657,322011.983,283203.6895,279703.8784,263534.6826,267751.8364,283671.6949,306433.8017,310694.0024,324834.9459,349696.5862,371366.8956,382500.9254,404401.6465,479270.817,519678.2692,528177.2186,577690.8766,602644.4949,606008.0296,0.0056,0.2644,0.8656,0.0527,,,,,,,,,,,,,,,,,,,,,,619663.0,85.0,103.76,66.79,50.0,15.0,6.1722,29.8701,93.6652,,51.14,239.0,zhvi+income
822,Woodbury,City,GLOUCESTER,3401582120,9963,74769.0,1.0,Woodbury,21366,,347541.9451,123699.2323,122787.6744,130948.9069,149901.5622,171688.1809,196761.1187,228490.7152,239513.3986,230381.0645,212713.9326,204353.7769,178915.2972,173864.2198,176253.2916,172125.6317,172836.7013,173915.1914,170472.8579,169756.7435,187178.7528,202901.1497,237395.0386,273901.6353,291624.92,313378.4416,329655.9152,347541.9451,0.0543,0.464,0.9983,0.0405,,,,,,,,,,,,,,,,,,,,,,369799.0,16.0,102.92,56.1,38.0,26.0,4.6482,67.5325,18.3258,,51.13,240.0,zhvi+income
411,Clementon Borough,Borough,CAMDEN,3400713420,5338,69536.0,1.0,Clementon,51448,,319860.8362,102782.4971,106966.9405,112359.0753,127177.3816,147101.5455,172881.9492,196845.9572,206722.7343,202304.2795,181256.196,171748.3218,158399.4662,149403.5199,147651.5191,150865.6314,148980.2212,149997.0661,150623.6385,155666.4649,164889.7025,180848.3821,217530.5178,260018.7157,275081.3713,301471.3908,312135.1787,319860.8362,0.0248,0.4704,1.1324,0.0446,,,,,,,,,,,,,,,,,,,,,,279848.0,20.0,104.01,44.91,30.0,30.0,4.5999,68.6147,16.0633,,51.1,241.0,zhvi+income
1612,Totowa Borough,Borough,PASSAIC,3403173140,11065,114177.0,1.0,Totowa,27446,,673455.8609,227921.7681,250131.4042,280973.5517,315586.3821,358278.5447,406168.9122,444347.5051,436570.5275,414255.245,381068.983,373776.3141,345674.3397,342080.5537,347087.8545,373642.3922,372969.7106,383540.9548,395520.0181,413121.4755,433076.6028,450551.0137,511620.634,549826.6276,567974.7936,613415.3214,637264.7393,673455.8609,0.0568,0.3163,0.7559,0.0426,,,,,,,,,,,,,,,,,,,,,,784573.0,18.0,103.08,68.54,22.0,19.0,5.8983,36.3636,80.543,,51.09,242.0,zhvi+income
208,Cresskill Borough,Borough,BERGEN,3400315820,9155,173293.0,1.0,Cresskill,17621,,1048775.292,347794.8755,392703.1471,442114.6845,509973.2394,566164.3202,656658.681,726670.0184,694991.1357,663038.3833,621241.2841,590827.6819,560095.8523,572512.441,591012.5429,640872.3002,653261.306,689467.6032,713389.588,728939.0692,742315.7311,749734.9306,814111.5531,889365.3046,899645.5963,966146.6856,1007992.712,1048775.292,0.0405,0.2882,0.5211,0.0434,,,,,,,,,,,,,,,,,,,,,,1404236.0,69.0,102.8,45.08,52.0,20.0,6.052,33.1169,86.8778,,51.04,243.0,zhvi+income
1004,Califon Borough,Borough,HUNTERDON,3401909280,1005,130938.0,1.0,Califon,9726,,768540.3431,325378.2092,331277.4898,376988.3595,422252.2597,447232.9829,495999.5844,536389.3536,530884.0821,487484.9354,443623.1945,452377.4013,424103.3264,404627.5394,404971.9532,444993.8343,435780.6917,446590.586,462493.0625,463754.9154,485653.6311,499083.2923,583030.2372,647182.9153,654984.9163,728254.8731,743049.9202,768540.3431,0.0343,0.3182,0.7209,0.0336,,,,,,,,,,,,,,,,,,,,,,574687.0,27.0,104.14,100.18,4.0,2.0,5.8695,37.013,78.5068,,50.84,244.0,zhvi+income
233,Mahwah Township,Township,BERGEN,3400342750,25487,128125.0,1.0,Mahwah Township,12515,,723507.0982,263188.2382,295258.9942,325472.7133,362551.1797,403994.9868,464689.7826,502885.1761,495023.4347,473622.5096,451143.2934,442209.7535,430487.6218,423134.7504,433186.5285,463843.682,469280.8369,480702.7519,491525.1237,501096.9023,498576.6831,503261.9682,541905.9437,591686.9944,605916.9713,660075.9176,686702.8758,723507.0982,0.0536,0.3351,0.5051,0.0397,,,,,,,,,,,,,,,,,,,,,,,,,,,,5.6469,40.0433,71.9457,,50.68,245.0,zhvi+income
227,Hillsdale Borough,Borough,BERGEN,3400331920,10143,169862.0,1.0,Hillsdale,5169,,875072.3461,286169.2716,318263.0206,347257.4981,399850.5012,449420.8414,519257.9165,565409.2119,547418.0961,518603.0784,497833.1002,500686.4113,495985.322,485798.9394,499206.1522,514914.5821,514604.2275,530801.3961,550926.9541,562691.1385,555121.8346,569987.1882,628332.8785,676839.2153,692104.6898,757183.5545,803881.294,875072.3461,0.0886,0.3927,0.6486,0.0439,3431920.0,Hillsdale,Borough,0.0,0.0,1.0,0.0,1.0,0.0,0.0,1.0,1.0,0.0,34.0,2.0,1.0,0.75,2.0,3.0,2.3437,0.4035,869527.0,50.0,107.78,84.36,24.0,19.0,5.1517,52.8139,45.4751,51.4286,50.63,246.0,full
204,Bogota Borough,Borough,BERGEN,3400306490,8778,107321.0,1.0,Bogota,10482,,626584.3813,185472.9405,204677.5218,237521.3731,278325.9911,314041.2073,367843.3088,400734.4892,402263.3341,371077.9597,328962.3441,318974.2359,296441.7303,292462.5823,302606.7776,320250.4442,315861.3688,333591.6317,353450.8615,379142.4574,394714.5625,416176.4641,473419.5071,499565.5913,513410.6532,558642.3508,616008.7157,626584.3813,0.0172,0.3235,0.8783,0.0479,,,,,,,,,,,,,,,,,,,,,,664638.0,66.0,104.11,73.46,13.0,15.0,5.8384,37.4459,76.6968,,50.53,247.0,zhvi+income
1604,Hawthorne Borough,Borough,PASSAIC,3403130570,19637,118093.0,1.0,Hawthorne,25074,,652494.086,212205.115,236383.5363,265554.9198,306728.2813,349359.37,389413.3214,442129.7777,442362.8092,408107.8841,375845.7835,361721.982,325912.63,330311.1855,338213.2142,365665.6162,369389.7063,380109.6077,384699.1098,399299.8271,414260.8742,417917.6513,484430.1787,522494.3859,542407.4737,590106.7777,615937.6273,652494.086,0.0594,0.3469,0.7166,0.0441,,,,,,,,,,,,,,,,,,,,,,634655.0,31.0,108.35,81.23,34.0,38.0,5.5253,42.2078,66.9683,,50.46,248.0,zhvi+income
1439,Wharton Borough,Borough,MORRIS,3402780390,7241,92548.0,1.0,Wharton,9195,,505395.3752,162389.9657,182879.5084,209253.1174,244342.7277,283741.5939,312598.9719,354723.6206,341272.9626,327010.1568,301789.7215,286785.2044,262484.3245,252433.0616,255425.9798,264698.7181,275964.806,285014.3915,296110.4579,303100.0228,319769.6616,333086.1021,373143.5601,404717.6794,431420.7675,475171.9264,500913.2944,505395.3752,0.0089,0.3544,0.7732,0.0446,,,,,,,,,,,,,,,,,,,,,,586681.0,28.0,98.92,30.82,17.0,13.0,5.4609,43.5065,63.5747,,50.2,249.0,zhvi+income
1505,Beachwood Borough,Borough,OCEAN,3402904180,10859,102043.0,1.0,Beachwood,28336,,475162.9453,113692.6669,126404.2127,144782.4129,175244.257,207635.1018,249669.4255,274162.0677,267549.5174,250352.8411,228847.1976,225029.6053,206490.5542,203861.2898,208324.8987,223122.8714,225555.0978,228038.0493,230962.4887,238581.8493,250412.3728,265450.289,323042.1383,373938.1506,390986.0573,434865.5522,452053.4246,475162.9453,0.0511,0.4709,1.0837,0.0565,,,,,,,,,,,,,,,,,,,,,,499728.0,18.0,100.36,61.22,20.0,37.0,4.6565,67.0996,15.8371,,50.01,250.0,zhvi+income
1811,Manville Borough,Borough,SOMERSET,3403543620,10953,93872.0,1.0,Manville,39609,,491717.0089,174255.3111,188133.489,209799.2743,248631.2186,285017.9606,330655.494,365484.2394,360061.4023,329842.2295,305736.1178,283962.14,269930.671,248854.7637,238112.7327,253954.7338,253968.5382,254587.1544,252319.886,268603.4773,282647.3764,309554.5094,356768.2599,391481.9595,415805.8733,461739.442,483866.6437,491717.0089,0.0162,0.3783,0.9314,0.0407,,,,,,,,,,,,,,,,,,,,,,502227.0,44.0,104.56,59.2,25.0,23.0,5.2382,50.2165,49.5475,,49.99,251.0,zhvi+income
817,Swedesboro Borough,Borough,GLOUCESTER,3401571850,2711,91000.0,1.0,Swedesboro,7341,,487180.8303,184330.0,175834.7463,191037.7284,213857.3933,240343.3897,286295.5836,325759.4908,335562.5446,324421.8031,293125.9839,284548.0467,265914.8462,264802.7559,258464.6092,262992.1184,277439.6892,282907.8801,286042.3099,277290.2675,289593.5766,309382.9613,355599.5099,407930.0039,425909.7521,455765.2075,471836.8271,487180.8303,0.0325,0.37,0.722,0.0381,,,,,,,,,,,,,,,,,,,,,,367800.0,26.0,100.76,37.57,7.0,8.0,5.3536,47.619,54.5249,,49.92,252.0,zhvi+income
416,Haddon Township,Township,CAMDEN,3400728740,15407,112255.0,1.0,Haddon Township,397684,,503090.5571,113509.9019,117332.6596,127998.3671,147571.5975,174396.6331,212645.0116,244179.7462,248073.9961,240960.4802,220674.422,220186.2872,216431.1794,213637.0493,210708.4978,223108.5487,219514.6128,225427.2047,230469.3949,241390.2162,257584.2115,275551.7504,322167.0851,364115.9465,395244.1104,429775.1304,452677.9355,503090.5571,0.1114,0.5616,1.2317,0.0589,,,,,,,,,,,,,,,,,,,,,,,,,,,,4.4817,72.9437,3.8462,,49.91,253.0,zhvi+income
1508,Toms River Township,Township,OCEAN,3402973125,95438,94964.0,1.0,Toms River,34311,,470768.8111,126080.7556,140097.9462,162017.9359,197200.8198,234180.4111,266386.6794,294706.4718,285670.4968,266561.8374,242783.9754,238224.7892,222711.3513,216588.0261,221370.4521,233059.987,235777.0544,241673.5927,250566.2666,255267.7769,263732.8637,274435.5714,331865.0528,394225.0494,404375.1988,437481.1505,454017.4201,470768.8111,0.0369,0.4186,0.948,0.052,,,,,,,,,,,,,,,,,,,,,,514720.0,23.0,100.11,39.8,357.0,299.0,4.9573,58.4416,32.8054,,49.9,254.0,zhvi+income
710,Livingston Township,Township,ESSEX,3401340890,31330,218416.0,1.0,Livingston,56428,,1118817.651,354235.5849,402405.2359,433334.5888,488863.7457,538934.0939,626396.039,698516.2373,684827.5385,659603.8728,615207.4188,590762.7836,581578.4028,577798.5429,616782.2991,671653.5325,674682.7258,676855.5292,705069.5343,715811.2561,709209.8339,717528.8984,799917.2967,870863.998,884186.1053,995413.8275,1059731.807,1118817.651,0.0558,0.3987,0.653,0.0452,,,,,,,,,,,,,,,,,,,,,,,,,,,,5.1224,53.8961,41.8552,,49.88,255.0,zhvi+income
329,Pemberton Township,Township,BURLINGTON,3400557510,26903,79730.0,1.0,Pemberton Township,398873,,362412.3809,104795.439,112912.7882,125345.5358,147832.2734,169272.5248,196845.1294,227192.7864,240465.8676,230432.1543,218267.5511,209035.5935,197873.9966,185080.5136,182335.4232,193577.2923,193784.374,191578.6001,189656.3095,192089.1859,197662.5152,212278.5713,239724.9986,273759.4923,298637.4361,324257.6462,345198.0383,362412.3809,0.0499,0.5118,0.8917,0.0489,,,,,,,,,,,,,,,,,,,,,,,,,,,,4.5455,69.9134,9.5023,,49.78,256.0,zhvi+income
1020,Milford Borough,Borough,HUNTERDON,3401946260,1232,88295.0,1.0,Milford,53321,,541013.3217,231139.1226,259875.8433,298131.399,316502.8073,353012.393,394890.8313,431253.6229,406236.1158,384362.3438,345416.5082,347557.8736,330646.5541,317314.9292,317739.0673,330700.0573,320472.4418,327637.3045,339834.8856,348737.0654,360228.5628,369315.8637,420219.0684,455355.7059,465150.7437,505794.5535,527688.8149,541013.3217,0.0253,0.2875,0.6513,0.0332,,,,,,,,,,,,,,,,,,,,,,379793.0,40.0,97.64,28.62,4.0,7.0,6.1273,30.7359,87.5566,,49.68,257.0,zhvi+income
1802,Bernards Township,Township,SOMERSET,3403505560,27830,182480.0,1.0,Basking Ridge,3553,,961664.6696,,,,,,,,,,,,,,,,,,,,,,,,,873150.32,923844.6822,961664.6696,0.0409,,,,,,,,,,,,,,,,,,,,,,,,,1349266.0,15.0,107.28,79.09,14.0,19.0,5.27,49.5671,,,49.57,258.0,zhvi+income
225,Hasbrouck Heights Borough,Borough,BERGEN,3400330420,12125,118670.0,1.0,Hasbrouck Heights,38911,,730411.542,225603.5943,246367.3519,275299.3913,334823.4321,371171.1231,434534.8385,468711.7152,474111.5217,448089.0854,414705.1151,403679.0166,387139.9026,381639.3473,376245.5362,408050.8567,412522.9886,426140.7418,440595.7268,467833.6484,476801.8406,505700.826,568316.6555,613222.5559,621627.2443,663141.2434,703454.3122,730411.542,0.0383,0.2852,0.714,0.0462,,,,,,,,,,,,,,,,,,,,,,739598.0,56.0,104.3,46.24,30.0,13.0,6.155,30.0866,88.2353,,49.47,259.0,zhvi+income
215,Englewood,City,BERGEN,3400321480,29308,101398.0,1.0,Englewood,11326,,639931.7195,215871.8326,237022.8858,270399.7579,313772.6643,351188.5981,407816.3036,456877.2064,460192.7556,431906.0351,398130.8768,376674.206,341229.0094,331393.3149,346341.2498,372216.7985,376801.7105,388940.0306,416814.8778,427325.7532,429680.9937,441991.1239,503141.5053,547271.0009,571072.9667,606379.207,634306.231,639931.7195,0.0089,0.2719,0.6453,0.0427,,,,,,,,,,,,,,,,,,,,,,649646.0,73.0,101.58,53.58,113.0,44.0,6.3111,27.9221,92.0814,,49.31,260.0,zhvi+income
248,Ramsey Borough,Borough,BERGEN,3400361680,14798,164767.0,1.0,Ramsey,6679,,898388.2462,301096.4043,335167.8748,371769.3664,419239.2139,470372.1422,534410.6046,585865.9038,563490.894,542783.3927,530690.2265,519751.976,490037.7238,483760.6245,502301.544,541785.339,553237.9924,563788.9553,593328.0314,593557.6587,589427.2181,599588.3304,660125.1406,718550.2553,732845.2444,805976.9751,828229.7499,898388.2462,0.0847,0.3609,0.5935,0.0429,,,,,,,,,,,,,,,,,,,,,,834557.0,57.0,105.42,53.43,30.0,31.0,5.4525,43.9394,59.7285,,49.2,261.0,zhvi+income
716,Nutley Township,Township,ESSEX,3401353680,30143,115389.0,1.0,Nutley,13056,,670886.5888,202638.0307,229139.039,269257.3779,310044.1427,352693.2219,402756.7285,445646.3089,451662.128,424120.2919,383436.9821,371693.1588,351522.541,340934.0326,348216.5282,375832.0262,381089.1845,392022.7664,407946.1646,425161.171,434364.6492,451591.7519,502255.3328,538497.8051,560303.671,613859.5876,649683.6893,670886.5888,0.0326,0.3357,0.7113,0.0471,,,,,,,,,,,,,,,,,,,,,,686426.0,23.0,105.9,70.62,62.0,62.0,5.8141,37.8788,71.4932,,49.08,262.0,zhvi+income
422,Lindenwold Borough,Borough,CAMDEN,3400740440,21641,55099.0,1.0,Lindenwold,32513,,277817.174,56938.0288,59581.2748,63066.9753,70622.922,85125.4849,100298.3089,118354.718,123733.9003,121593.1415,109337.8828,104580.6498,94207.013,89617.7535,90803.6811,97645.6941,93173.0878,90834.466,93853.5643,98643.0089,117619.8312,135810.8722,170262.3829,207372.3991,223175.1599,246357.9582,264280.0134,277817.174,0.0512,0.6317,2.0585,0.0629,3440440.0,Lindenwold,Borough,0.0,0.0,1.0,1.0,0.0,0.0,0.0,1.0,1.0,0.0,20.0,,1.0,0.2,2.0,3.0,1.6064,-0.3797,259858.0,43.0,100.67,52.59,25.0,41.0,5.0421,56.0606,2.0362,80.9524,48.78,263.0,full
1437,Victory Gardens Borough,Borough,MORRIS,3402775890,1582,52235.0,1.0,Victory Gardens,190473,,355030.3183,,,,,,,,,,,,,,,,,219354.6431,228641.9288,245331.6339,270814.3518,287503.3494,332247.5067,367876.0616,393390.3247,406295.969,387938.4857,355030.3183,-0.0848,0.0686,0.6185,,,,,,,,,,,,,,,,,,,,,,,369799.0,116.0,104.71,50.09,1.0,2.0,6.7968,22.9437,99.5475,,48.48,264.0,zhvi+income
206,Cliffside Park Borough,Borough,BERGEN,3400313570,25693,94960.0,1.0,Cliffside Park,4131,,643859.3877,233690.3496,260929.4599,293016.2629,341458.4786,384379.254,449136.3993,499037.7951,497940.1772,468339.3626,393192.4948,380662.4762,360417.6765,378863.3331,388649.6252,405793.3566,405189.3591,417436.5152,434310.4712,461482.2356,474831.6275,489105.8834,530316.5764,569014.86,569127.6607,611205.6111,626627.1127,643859.3877,0.0275,0.2141,0.5424,0.0397,,,,,,,,,,,,,,,,,,,,,,684627.0,77.0,99.4,29.56,133.0,62.0,6.7803,23.1602,97.5113,,47.94,265.0,zhvi+income
1023,Stockton Borough,Borough,HUNTERDON,3401970980,495,105263.0,1.0,Stockton,42989,,693031.097,,,,,,,,,,,,,,,,,,,450157.0254,457285.3083,485502.5338,551316.1177,596018.3949,619193.4178,656228.6057,661976.5143,693031.097,0.0469,0.257,,,,,,,,,,,,,,,,,,,,,,,,544704.0,39.0,97.21,20.04,3.0,5.0,6.5838,24.2424,94.7964,,47.76,266.0,zhvi+income
1818,Somerville Borough,Borough,SOMERSET,3403568460,12346,103869.0,1.0,Somerville,36497,,556166.5499,166376.626,184721.6747,208294.8544,246534.5427,282114.563,325228.5781,361603.053,353496.8857,328382.5073,311264.5422,307754.9698,288499.2591,269326.2281,273777.3943,288046.2125,286560.7495,294800.8272,313230.8982,331283.8337,340520.1587,356377.1719,401783.8349,439750.1672,459856.2273,511755.9376,538097.2045,556166.5499,0.0336,0.3842,0.8866,0.0475,,,,,,,,,,,,,,,,,,,,,,639652.0,15.0,105.95,89.63,25.0,19.0,5.3545,47.4026,48.19,,47.67,267.0,zhvi+income
252,River Edge Borough,Borough,BERGEN,3400363360,12049,155827.0,1.0,River Edge,43381,,878175.3164,276220.8559,306547.6213,341822.9152,404259.0514,447145.387,516042.1743,569239.3823,549370.0006,520463.2047,475503.9853,476455.9366,462179.7345,454679.1431,454793.3501,502265.4342,507920.5339,521044.8547,533213.106,560470.1892,561101.6757,582264.2552,646610.4625,698949.8913,716927.9906,764283.757,792106.9067,878175.3164,0.1087,0.3581,0.6854,0.0455,,,,,,,,,,,,,,,,,,,,,,759587.0,85.0,103.83,38.96,30.0,18.0,5.6356,40.2597,62.4434,,47.65,268.0,zhvi+income
113,Hammonton,Town,ATLANTIC,3400129430,14711,83044.0,1.0,Hammonton,18447,,387002.7384,123102.8197,129906.9117,139647.766,158545.5425,179792.7025,222196.4071,254392.1842,264630.7224,254148.6886,222778.7114,218156.817,198353.0475,193186.5874,195169.1952,200421.8925,205752.0546,211521.7254,207890.4323,212480.118,226403.0104,236602.7896,281960.9174,314360.8792,331031.7053,359292.7576,371289.4657,387002.7384,0.0423,0.3725,0.8296,0.045,3429430.0,Hammonton,Town,0.0,0.0,1.0,0.0,0.0,1.0,0.0,1.0,1.0,1.0,42.0,9.0,1.75,0.3333,4.0,5.0,4.1839,2.3583,427008.0,28.0,100.81,44.91,42.0,30.0,4.6602,66.6667,53.1674,3.8095,47.58,269.0,full
1205,Edison Township,Township,MIDDLESEX,3402320230,107588,124388.0,1.0,Edison,11267,,649271.4526,207921.4075,234923.1041,265338.9105,303844.2883,335053.6952,391524.8151,436039.7341,419164.7776,397837.2605,373848.8772,370247.67,347150.9359,328767.5783,341354.1099,366187.3891,369562.4413,384306.5851,396719.5832,412692.5557,424043.383,444660.1313,469332.3337,509525.5112,539622.2248,597100.9828,638259.9546,649271.4526,0.0173,0.3834,0.6895,0.0448,3420230.0,Edison,Town,0.0,0.0,1.0,1.0,0.0,0.0,0.0,1.0,1.0,1.0,25.0,2.0,2.0,0.4286,3.0,3.0,2.6925,0.774,605171.0,70.0,100.85,46.92,343.0,162.0,5.2197,50.8658,48.4163,39.5238,47.42,270.0,full
224,Harrington Park Borough,Borough,BERGEN,3400330150,4741,180515.0,1.0,Harrington Park,25045,,1003192.505,307848.3009,336001.2642,383701.2536,434164.7442,489214.6336,569779.7129,621640.3609,607539.2862,566139.4355,567528.5421,558904.0685,564834.8055,575807.8724,597978.2387,614977.0789,606351.0208,625284.8836,628090.7606,638007.2914,639236.0835,656670.5799,732045.8207,808022.992,824245.9849,906497.4807,945067.211,1003192.505,0.0615,0.3704,0.6044,0.0465,3430150.0,HarringtonPark,Borough,0.0,0.0,1.0,0.0,1.0,0.0,0.0,1.0,1.0,1.0,10.0,2.5,1.0,0.5,2.0,3.0,2.3437,0.4035,1090906.0,71.0,107.87,83.48,12.0,12.0,5.5574,41.5584,54.2986,51.4286,47.21,271.0,full
715,North Caldwell Borough,Borough,ESSEX,3401352620,6694,203140.0,1.0,North Caldwell,40043,,1195645.853,520875.7934,576775.0872,619468.2351,713712.0983,770049.185,872416.0105,963185.3169,1003839.726,876078.0931,788829.0798,746856.9511,717760.377,693536.8379,718888.8056,777889.8389,793706.8601,793955.7313,792990.7793,787728.709,780890.4884,788431.184,888735.1711,983909.1151,1012575.993,1112277.243,1133037.1,1195645.853,0.0553,0.3453,0.5059,0.0325,,,,,,,,,,,,,,,,,,,,,,924497.0,15.0,109.87,80.14,12.0,20.0,5.8858,36.7965,67.6471,,47.08,272.0,zhvi+income
239,North Arlington Borough,Borough,BERGEN,3400352320,16457,101493.0,1.0,North Arlington,19654,,636298.047,203036.9023,220085.8745,245054.1232,283259.3036,317395.1475,374113.7752,407794.5417,417034.3169,385226.292,353586.8789,334117.3641,307736.9284,307635.6826,304740.4654,336920.4573,342655.8006,361395.6802,385595.8009,400264.966,403654.862,430499.0081,488819.5718,524743.5328,540987.6781,584926.5544,615702.2935,636298.047,0.0335,0.3017,0.7607,0.0449,,,,,,,,,,,,,,,,,,,,,,679630.0,58.0,105.74,87.11,49.0,24.0,6.2694,28.355,84.3891,,47.03,273.0,zhvi+income
701,Belleville Township,Township,ESSEX,3401304695,38222,90249.0,1.0,Belleville,37362,,528929.7019,137379.8583,155160.9619,176848.2745,209290.558,240743.8042,273247.2159,316730.7923,327879.3627,312158.3273,273649.8333,256374.5851,233593.8353,215861.7418,225213.0045,242791.2658,251199.8047,264816.8108,280095.3345,292755.7461,320635.0546,352578.6663,391672.0463,422188.783,440963.3491,483599.3238,508293.209,528929.7019,0.0406,0.3504,0.9973,0.0532,,,,,,,,,,,,,,,,,,,,,,,,,,,,5.8608,37.2294,65.6109,,46.69,274.0,zhvi+income
101,Absecon,City,ATLANTIC,3400100100,9137,77516.0,1.0,Absecon,3304,,351956.4662,108010.5281,113292.448,121579.7562,140555.3491,165959.4304,199834.8399,236238.5739,240706.8531,219066.4656,196253.5998,185034.6308,168776.4056,165018.7268,164530.275,170378.3782,171214.3094,164333.3043,155095.9369,162343.3579,178958.9504,191039.8843,231764.7984,271001.5467,292401.9518,318606.7113,335737.1187,351956.4662,0.0483,0.5186,1.1417,0.0465,3400100.0,Absecon,City,0.0,0.0,1.0,0.0,0.0,0.0,1.0,1.0,1.0,1.0,35.0,2.5,1.8,0.25,1.0,3.0,2.7323,0.8163,327822.0,53.0,98.91,36.43,46.0,34.0,4.5404,70.1299,8.371,37.1429,46.44,275.0,full
1915,Newton,Town,SUSSEX,3403751930,8374,73679.0,1.0,Newton,22402,,451581.6551,161282.2343,171638.1874,189322.6678,219006.9101,262414.0883,301848.8279,336656.6501,333114.3585,314572.1408,289670.9414,282620.6468,248447.9094,224881.7155,227892.3855,248474.8447,242795.1348,246213.7887,239839.935,251198.9032,271855.8777,285528.1728,342060.4833,377255.6631,387277.6543,427734.4865,442098.5183,451581.6551,0.0215,0.3202,0.8341,0.0404,,,,,,,,,,,,,,,,,,,,,,434763.0,20.0,105.23,70.96,21.0,25.0,6.129,30.5195,78.2805,,46.44,275.0,zhvi+income
702,Bloomfield Township,Township,ESSEX,3401306260,53105,98811.0,1.0,Bloomfield,3699,,617320.2567,164723.7925,186823.0438,214810.1526,254096.8791,283164.326,333017.4476,373195.2737,375402.7064,354784.4256,311318.2746,298630.7876,281511.3977,265557.9808,273386.7395,298489.0457,301800.2328,315118.5887,332885.9595,349035.2272,371830.6394,406752.7386,471748.7656,505646.6544,523393.9122,577691.6549,603593.8209,617320.2567,0.0227,0.3086,0.959,0.0521,,,,,,,,,,,,,,,,,,,,,,,,,,,,6.2475,28.5714,82.1267,,46.42,277.0,zhvi+income
210,Dumont Borough,Borough,BERGEN,3400318400,17863,125585.0,1.0,Dumont,17827,,688006.7906,201646.0384,228101.5069,256461.1035,294794.2256,330049.0331,382259.359,420931.6382,411944.4777,389483.591,356849.9353,352760.279,335518.1687,331979.2725,329978.8831,357047.3915,365482.77,379067.1984,401346.222,416858.5967,426933.6598,448910.4352,501196.2858,536776.2885,553803.2192,605463.009,636215.7779,688006.7906,0.0814,0.3727,0.815,0.0483,,,,,,,,,,,,,,,,,,,,,,679630.0,64.0,104.21,72.54,43.0,30.0,5.4784,43.0736,52.9412,,46.36,278.0,zhvi+income
241,Norwood Borough,Borough,BERGEN,3400353610,5641,164766.0,1.0,Norwood,56414,,919871.6657,297847.9721,333005.1801,369533.137,417719.6277,465950.4421,538830.1388,584305.9918,570611.2364,526805.7257,542349.9375,533984.4849,535842.6209,538325.3385,560545.1334,591614.1844,606228.1181,619505.6143,634643.6906,643684.9992,632892.2062,641822.7284,708136.7399,790007.9668,790781.1653,848413.9711,881399.2099,919871.6657,0.0436,0.299,0.4848,0.0443,3453610.0,Norwood,Borough,0.0,0.0,1.0,0.0,0.0,0.0,1.0,1.0,1.0,0.0,27.5,10.0,1.0,0.0,2.0,3.0,3.1281,1.2368,1169364.0,73.0,99.92,52.73,27.0,19.0,5.5829,40.9091,84.8416,18.5714,46.31,279.0,full
205,Carlstadt Borough,Borough,BERGEN,3400310480,6372,94854.0,1.0,Carlstadt,37754,,672217.1572,212476.0939,225256.1229,265349.1378,309503.6148,347428.1532,405437.5501,449460.5819,439357.1547,402599.4392,368135.1112,351564.1171,336504.1016,340278.825,349285.5424,385202.6745,391761.1653,416849.9479,443917.81,465703.635,467204.9372,486046.796,554369.2982,586266.0764,603545.6068,617904.2496,651407.4556,672217.1572,0.0319,0.2126,0.6126,0.0453,,,,,,,,,,,,,,,,,,,,,,737599.0,93.0,102.57,44.52,10.0,9.0,7.0869,20.3463,97.7376,,46.14,280.0,zhvi+income
1207,Highland Park Borough,Borough,MIDDLESEX,3402331470,15072,101991.0,1.0,Highland Park,15190,,601902.861,207993.5151,231300.6874,274772.5414,320839.1737,354956.5368,409347.708,443785.0743,440049.3391,416039.1635,392253.4365,382723.6126,349438.8788,318135.892,339123.8924,362032.3425,363280.9444,373087.5941,377147.088,383434.9278,399697.7259,416494.3325,444661.9432,484248.6874,495158.6102,546793.7218,583430.9772,601902.861,0.0317,0.3536,0.6133,0.0417,,,,,,,,,,,,,,,,,,,,,,617704.0,75.0,101.24,50.09,30.0,25.0,5.9015,36.1472,64.2534,,45.52,281.0,zhvi+income
1223,South River Borough,Borough,MIDDLESEX,3402369420,16118,101853.0,1.0,South River,27188,,541741.2774,161620.9996,180404.3124,206093.832,242336.3944,273133.8227,317129.3598,355069.847,346935.068,322685.0586,289231.0665,278835.508,254243.3227,233800.4788,245256.9189,262033.6998,260108.9953,277654.8531,288061.6415,306876.4982,328052.1639,339691.1079,393115.1863,436477.485,454654.9291,495833.1552,530697.0354,541741.2774,0.0208,0.3781,0.9511,0.0476,3469420.0,SouthRiver,Borough,0.0,0.0,1.0,0.0,0.0,1.0,0.0,1.0,1.0,0.0,27.5,3.0,1.5,0.3333,2.0,3.0,2.7359,0.8201,519717.0,80.0,103.43,57.68,53.0,34.0,5.3189,48.4848,49.7738,34.7619,45.38,282.0,full
505,Lower Township,Township,CAPE MAY,3400941610,22057,80731.0,1.0,Villas,41501,,410509.4419,94165.3596,102004.3119,112993.5929,146154.0127,186026.9734,222402.0282,253108.9227,245275.9969,234882.373,214583.553,210270.3151,192912.1177,186375.4802,186881.6301,184385.6956,180972.1997,187033.6757,187654.9697,194098.8928,206525.7414,229067.1244,285444.7657,349384.1754,362862.3033,380595.935,394691.4588,410509.4419,0.0401,0.4381,1.1948,0.0583,,,,,,,,,,,,,,,,,,,,,,444758.0,42.0,101.37,30.82,43.0,40.0,5.0849,55.6277,24.8869,,45.38,282.0,zhvi+income
1523,Pine Beach Borough,Borough,OCEAN,3402958590,2139,121333.0,1.0,Pine Beach,26496,,587988.7353,154200.1332,165711.5444,189774.2913,227818.8144,271620.5104,324791.71,361177.0358,364340.6175,324782.893,290185.0028,284956.2739,269059.5752,257301.9506,249533.9376,261591.1885,266336.1822,276614.923,285745.3682,292887.5472,309366.5526,321514.1719,394000.7164,451851.7865,471829.847,542924.6639,555437.3071,587988.7353,0.0586,0.4924,1.1257,0.0528,,,,,,,,,,,,,,,,,,,,,,564692.0,17.0,104.84,66.79,5.0,3.0,4.8461,61.6883,12.4434,,45.27,284.0,zhvi+income
212,East Rutherford Borough,Borough,BERGEN,3400319510,10022,91789.0,1.0,East Rutherford,28446,,656896.8361,186787.432,200437.3468,235775.1055,276702.5291,314605.8411,367243.5952,405358.3922,409951.1074,377292.0228,343002.6184,343874.7339,321965.212,316501.194,321640.2697,351820.1479,355430.0573,377453.8624,400995.5685,410944.1702,442651.4154,466003.046,529433.5141,554001.8495,560467.0056,593238.1996,627365.7218,656896.8361,0.0471,0.2408,0.7403,0.0496,,,,,,,,,,,,,,,,,,,,,,657642.0,55.0,102.47,72.86,17.0,11.0,7.1566,19.9134,95.7014,,45.18,285.0,zhvi+income
229,Leonia Borough,Borough,BERGEN,3400340020,9304,116429.0,1.0,Leonia,12368,,836313.8921,263009.6853,291237.7782,343308.1844,389212.7911,425666.0708,508943.629,555425.7028,533104.392,513095.6853,468942.3608,458795.6091,452101.3357,447275.3844,465301.9643,506583.8256,510954.1363,540797.959,564470.324,581818.9074,592642.7728,617581.9113,683549.8559,733396.7948,737173.2902,783229.3679,815171.6679,836313.8921,0.0259,0.2235,0.5464,0.0455,,,,,,,,,,,,,,,,,,,,,,784573.0,76.0,105.04,63.75,21.0,11.0,7.183,19.2641,96.8326,,45.12,286.0,zhvi+income
1713,Salem,City,SALEM,3403365490,5296,40650.0,1.0,Salem,33824,,240901.5802,92580.9542,99076.0744,107459.9064,116002.9934,,132444.9197,159065.2694,161130.4524,159494.0969,147906.9104,140938.8418,134601.0778,131661.7845,129000.8432,123855.7523,123051.113,123653.5792,119887.822,115913.8766,119863.1952,140325.2922,178034.5171,195973.1793,217631.8431,230726.1479,244957.6217,240901.5802,-0.0166,0.3531,0.9482,0.0375,,,,,,,,,,,,,,,,,,,,,,179902.0,63.0,96.88,24.04,55.0,26.0,5.9262,35.2814,64.7059,,45.09,287.0,zhvi+income
249,Ridgefield Borough,Borough,BERGEN,3400362910,11501,115676.0,1.0,Ridgefield,22330,,792471.3406,244365.4441,278128.5954,319046.6923,369331.7946,423287.2224,482736.9619,536724.6925,536732.3754,494487.8341,461228.9092,440737.0113,418959.0876,420988.9945,422983.8645,455967.6311,466932.2037,484716.1507,510142.4966,531063.9441,541256.2598,560496.8152,618663.6913,676207.9555,688411.5538,713523.8882,739747.7414,792471.3406,0.0713,0.2809,0.6349,0.0463,,,,,,,,,,,,,,,,,,,,,,1024443.0,38.0,103.29,53.94,36.0,40.0,6.8508,22.7273,89.819,,45.09,287.0,zhvi+income
1225,Woodbridge Township,Township,MIDDLESEX,3402382000,103639,108347.0,7.0,Woodbridge; Colonia; Iselin; Avenel; Fords; Port Reading; Sewaren,826200; 4171; 29748; 43998; 4748; 33500; 20428,,556751.8287,168669.0622,190654.1356,214824.7937,252215.9263,279803.5217,324293.249,364476.7487,357717.0449,337863.836,308490.7494,298659.39,278136.2974,252522.0237,254573.6697,275243.3476,282360.1839,294734.4668,301164.0171,318824.1619,334416.1093,354377.1648,389488.4091,427985.5749,454817.1729,500713.166,542272.5643,556751.8287,0.0267,0.4294,0.889,0.047,,,,,,,,,,,,,,,,,,,,,,542311.0622,62.6788,101.4249,55.6645,274.0,193.0,5.1386,53.2468,28.733,,45.08,289.0,zhvi+income
904,Harrison,Town,HUDSON,3401730210,19450,82290.0,1.0,Harrison,8762,,595421.952,178931.918,198102.2059,219926.3882,259849.858,296351.9537,351177.1153,402103.3098,418975.1038,373786.5672,309961.9887,298935.3382,279187.5556,257938.8578,267089.0906,297018.3633,317563.3779,356417.2505,381557.3074,423995.9809,449192.3593,474498.9262,505733.9921,530207.5539,545869.1947,562050.7899,588502.4153,595421.952,0.0118,0.1773,0.6706,0.0473,,,,,,,,,,,,,,,,,,,,,,774578.0,72.0,101.49,36.43,24.0,11.0,7.2357,17.9654,98.4163,,44.78,290.0,zhvi+income
911,Weehawken Township,Township,HUDSON,3401777930,17197,122653.0,1.0,Weehawken,48385,,883170.2177,177435.0015,202047.8913,234382.1628,272167.5579,312284.2378,380360.2408,442785.2706,459118.4141,437514.8126,372883.2867,403373.9755,369575.0274,393212.6373,448580.1049,505163.2232,537985.8232,561418.0507,580646.3789,640955.6263,666803.4713,658433.3479,718860.6426,763603.516,777768.0015,812116.9391,862796.954,883170.2177,0.0236,0.2286,0.5731,0.0637,,,,,,,,,,,,,,,,,,,,,,,,,,,,7.2006,18.6147,96.6063,,44.61,291.0,zhvi+income
717,City of Orange Township,City,ESSEX,3401313045,34447,53306.0,1.0,Orange,53733,,473003.8939,158594.7428,168942.1738,180998.3323,202546.1366,222479.0708,273587.5762,329066.6197,353206.2574,330746.051,295157.6818,269676.7572,224656.2145,190511.6567,168270.1346,167995.1741,166732.6807,195272.1214,208370.3183,228222.588,268053.6429,308389.2223,368259.9461,405153.5917,425115.4785,463483.4264,478274.0195,473003.8939,-0.011,0.2844,1.4223,0.0429,3413045.0,Orange,Township,0.0,0.0,1.0,1.0,0.0,0.0,0.0,1.0,1.0,1.0,35.0,2.0,1.0,0.7,2.0,3.0,1.9515,-0.0131,,,,,,,8.8734,9.7403,89.3665,69.0476,44.47,292.0,full
614,Vineland,City,CUMBERLAND,3401176070,60780,65854.0,1.0,Vineland,34597,,314720.9417,110144.3932,115245.4633,118958.2925,125153.5868,141271.8416,169124.8678,200841.8081,214109.4291,207099.6183,191005.0407,173126.6609,171115.8998,168378.8156,167898.3565,172236.5932,170768.0661,172702.3711,173904.1904,170358.7235,181553.0145,191296.2838,222354.6124,257990.1578,273215.606,294811.9394,306660.303,314720.9417,0.0263,0.4154,0.8223,0.0412,3476070.0,Vineland,City,0.0,0.0,1.0,0.0,0.0,1.0,0.0,1.0,1.0,0.0,35.0,2.5,2.0,0.0909,2.0,4.0,3.2366,1.352,316328.0,39.0,100.07,46.69,129.0,121.0,4.7791,64.0693,35.9729,13.3333,44.36,293.0,full
263,Upper Saddle River Borough,Borough,BERGEN,3400375140,8353,246719.0,1.0,Upper Saddle River,43328,,1453941.432,634985.6956,710343.9616,756681.5861,853557.7355,957201.2493,1051012.771,1159667.867,1146364.979,1080369.425,1033267.781,988536.1546,929452.0608,904325.2304,921238.3327,989687.3529,979628.1935,988081.154,1002333.01,989888.2542,965311.0839,952107.8247,1067389.687,1216715.121,1239878.051,1304900.745,1382031.875,1453941.432,0.052,0.3621,0.4715,0.0324,,,,,,,,,,,,,,,,,,,,,,1699075.0,83.0,103.76,52.09,32.0,26.0,5.8931,36.5801,58.8235,,43.99,294.0,zhvi+income
1817,Rocky Hill Borough,Borough,SOMERSET,3403564320,743,127344.0,1.0,Rocky Hill,29062,,764449.8793,,,,,,,,,,,,,,,,,,,514498.6416,503571.144,513420.8186,564377.0401,610883.7506,633027.9194,712582.4515,734909.9663,764449.8793,0.0402,0.3545,,,,,,,,,,,,,,,,,,,,,,,,774578.0,13.0,102.83,33.39,2.0,3.0,6.003,33.9827,63.1222,,43.7,295.0,zhvi+income
709,Irvington Township,Township,ESSEX,3401334450,61176,59232.0,1.0,Irvington,12067,,426368.0029,142318.9576,150429.7026,166792.4724,183602.9389,205542.0441,244009.603,286252.3629,316624.112,308446.2442,273396.0467,246821.7541,209018.0013,153670.1615,121515.8816,113819.6788,115471.6166,140189.4384,151573.6696,174277.2649,214348.3672,264001.5182,306123.1012,345605.6165,364864.5496,400649.4718,405156.5163,426368.0029,0.0524,0.3928,2.0414,0.0431,3434450.0,Irvington,Town,0.0,0.0,1.0,1.0,0.0,0.0,0.0,1.0,0.0,1.0,35.0,2.0,1.0,0.7273,1.0,2.0,1.2698,-0.7374,,,,,,,7.1983,18.8312,45.2489,91.4286,43.58,296.0,full
1410,East Hanover Township,Township,MORRIS,3402719210,11105,144792.0,1.0,East Hanover Township,8759,,880297.0489,317609.6172,349442.9713,377734.5459,434082.5599,483486.1547,547662.5258,601883.4008,588205.7966,532280.0654,518188.2215,501470.3179,486007.2199,475239.829,495687.8566,531456.1186,546770.9935,568380.1142,576915.7302,594015.0819,595548.3341,597830.9821,652095.6027,697752.162,737315.7249,800871.0089,835236.0084,880297.0489,0.054,0.35,0.5488,0.04,,,,,,,,,,,,,,,,,,,,,,,,,,,,6.0797,32.2511,66.0633,,43.52,297.0,zhvi+income
107,Egg Harbor City,City,ATLANTIC,3400120350,4396,67604.0,1.0,Egg Harbor City,35421,,346654.5158,132967.2195,136150.3314,143314.4413,174846.8625,191426.3688,239910.5455,284335.711,296126.9341,274401.7975,235591.303,222131.69,203410.5538,179164.5794,175226.0185,176235.3156,173866.4808,176896.8542,147292.2372,160637.7586,173989.0558,195415.3179,240516.5392,276356.9246,296910.3052,325552.7414,341542.6934,346654.5158,0.015,0.4413,0.9596,0.0375,,,,,,,,,,,,,,,,,,,,,,302335.0,48.0,97.02,33.39,31.0,12.0,5.1277,53.4632,23.5294,,43.49,298.0,zhvi+income
516,Woodbine Borough,Borough,CAPE MAY,3400981890,2128,45179.0,1.0,Woodbine,43149,,334740.7561,96194.6602,110352.6749,109276.1345,130790.8393,148371.5889,182625.9109,208519.1373,211864.8214,209407.6708,205646.5975,205471.0612,202538.5902,189900.3786,192245.007,194269.3943,191525.5881,193102.2049,190703.9216,198572.5785,214415.266,236973.603,274437.9492,300600.3617,307202.0663,320516.0372,327690.7679,334740.7561,0.0215,0.2197,0.7335,0.0491,,,,,,,,,,,,,,,,,,,,,,414774.0,324.0,94.63,0.0,4.0,2.0,7.4092,16.4502,97.2851,,43.4,299.0,zhvi+income
1606,North Haledon Borough,Borough,PASSAIC,3403153040,8927,131810.0,1.0,North Haledon,26185,,729520.2341,241255.8152,260159.3567,296839.8391,344715.0723,385275.644,427491.4344,477821.6041,474735.6778,455184.694,418830.2387,406388.8531,384299.3525,393698.6495,401346.5235,418508.5405,413847.0365,420925.5585,427201.6689,442993.6503,460037.9165,460798.9228,524111.2589,569897.1347,585100.7444,645127.6337,678770.542,729520.2341,0.0748,0.3919,0.7331,0.0435,,,,,,,,,,,,,,,,,,,,,,749592.0,30.0,104.4,80.14,13.0,15.0,5.5346,41.9913,45.7014,,43.23,300.0,zhvi+income
412,Collingswood Borough,Borough,CAMDEN,3400714260,14186,83917.0,1.0,Collingswood,8350,,460413.1928,94957.2067,97319.504,107239.8489,125184.6758,154626.2685,193448.3842,227541.7238,237224.4146,241817.0427,223549.0392,228850.7011,220769.0288,214136.8535,213958.2495,222941.2429,223136.1881,225363.6199,231694.1166,241420.522,253305.8549,271116.9692,314260.0523,354953.508,380858.4559,420002.4774,438112.0402,460413.1928,0.0509,0.4651,1.043,0.0626,3414260.0,Collingswood,Borough,0.0,0.0,1.0,1.0,0.0,0.0,0.0,1.0,1.0,1.0,29.5,1.0,1.0,0.2857,2.0,3.0,1.9515,-0.0131,458001.0,21.0,102.34,52.09,36.0,51.0,5.4865,42.8571,18.0995,69.0476,43.22,301.0,full
1332,Middletown Township,Township,MONMOUTH,3402545990,67106,141723.0,4.0,Lincroft; Belford; Port Monmouth; Leonardo,32508; 16521; 49764; 18995,,755907.9822,,,,,,,,,,,,,,,,,379882.7451,391496.4907,423544.3135,436714.5154,448735.296,532985.5602,595577.6083,616722.939,677890.7545,707351.6225,755907.9822,0.0686,0.4183,0.9898,,,,,,,,,,,,,,,,,,,,,,,867366.7419,18.3871,105.1823,61.3984,28.0,31.0,5.3337,48.0519,33.4842,,43.2,302.0,zhvi+income
1212,Monroe Township,Township,MIDDLESEX,3402347280,48594,106892.0,1.0,Monroe Township,398406,,635774.982,323262.8705,360060.4519,407370.4055,456741.9506,494006.5456,557024.0066,602451.3698,585809.6671,525421.6014,410690.42,394383.6715,342559.0306,318100.5998,317269.2652,339809.9082,356103.8435,374323.1634,385923.8975,402656.9468,419163.4751,423529.4898,467112.7289,527022.7574,552389.1684,604853.8766,626610.144,635774.982,0.0146,0.3611,0.6985,0.0264,,,,,,,,,,,,,,,,,,,,,,,,,,,,5.9478,34.8485,59.5023,,43.07,303.0,zhvi+income
1530,South Toms River Borough,Borough,OCEAN,3402969510,3643,101466.0,2.0,Manahawkin; South Toms River,25717; 29733,,504869.6431,121804.6918,133384.3114,153083.7989,186949.526,219789.8192,262495.6593,296173.3126,285058.2451,259583.4108,229457.7218,220694.3354,201610.8854,194080.4862,199997.5264,211266.7449,219162.1408,226211.5855,231350.5883,240357.8911,257093.0042,274906.9892,341007.8022,403265.1323,421539.3036,461424.9521,485083.866,504869.6431,0.0408,0.4805,1.2318,0.0562,,,,,,,,,,,,,,,,,,,,,,456180.5714,16.1429,100.5586,50.09,15.0,14.0,4.9758,57.3593,14.4796,,43.07,303.0,zhvi+income
1018,Lebanon Borough,Borough,HUNTERDON,3401939630,1665,108672.0,1.0,Lebanon Borough,737788,,749153.1973,350873.0964,369789.4244,418593.0132,472227.1355,506403.6657,584516.0989,653279.2654,620944.727,579935.7536,520217.9238,505965.6646,445505.6088,425700.4507,427155.4257,446267.4666,437522.4617,446952.9037,447968.1326,461674.0403,476040.1739,500654.3366,574236.1807,629856.7583,648383.1632,710055.9414,732776.6326,749153.1973,0.0223,0.3046,0.6761,0.0296,,,,,,,,,,,,,,,,,,,,,,,,,,,,6.8937,22.0779,83.7104,,42.62,305.0,zhvi+income
434,Voorhees Township,Township,CAMDEN,3400776220,31069,112606.0,1.0,Voorhees Township,21122,,558049.1292,180562.1212,192410.0369,209398.6157,238655.666,272387.4295,312661.4227,355622.7299,364451.204,346296.3407,317811.7145,309312.7542,289581.7264,281207.4403,277403.6524,286143.5649,285100.753,289871.5713,298578.255,303185.4391,313835.6363,324937.6008,371566.035,423238.888,450978.9275,493108.3309,511803.5055,558049.1292,0.0904,0.5019,0.9252,0.0444,,,,,,,,,,,,,,,,,,,,,,,,,,3.0,,4.9558,58.658,10.4072,,42.57,306.0,zhvi+income
234,Maywood Borough,Borough,BERGEN,3400344880,10080,119306.0,1.0,Maywood,22369,,705862.3048,187374.2706,206673.5438,234803.28,275600.3782,308623.1131,361229.7706,400720.06,398847.2182,374677.9809,359334.4292,355179.822,347783.5718,346644.9457,345198.0522,376496.6133,386218.0686,396084.9619,412041.8655,429649.0087,443788.2843,457796.937,515961.0554,568167.3305,583877.4562,628786.2457,665402.0284,705862.3048,0.0608,0.3681,0.7821,0.0523,,,,,,,,,,,,,,,,,,,,,,764584.0,56.0,104.55,87.66,17.0,16.0,5.9164,35.9307,55.4299,,42.43,307.0,zhvi+income
1507,Brick Township,Township,OCEAN,3402907420,73620,101170.0,1.0,Brick,17158,,526030.6614,134433.8177,149494.2184,172547.4317,208694.1429,246039.6929,282315.7759,314869.279,304381.4049,284980.8246,260866.8023,250490.4139,234960.6724,226066.1071,230304.5697,243696.1137,246598.5876,253956.4556,263916.0268,274892.9352,288821.9317,305164.0075,365484.9043,420214.8063,429226.8014,478865.5912,498144.0231,526030.6614,0.056,0.4393,1.0713,0.0539,,,,,,,,,,,,,,,,,,,,,,,,,,,,5.1995,51.0823,24.2081,,42.12,308.0,zhvi+income
707,Fairfield Township,Township,ESSEX,3401322385,7872,113750.0,1.0,Fairfield,51976,,838803.3342,302230.037,338311.7313,383950.6586,431714.7378,466629.3069,545605.2708,591006.2744,594156.7356,557133.916,538760.0932,514046.5039,498447.5129,463407.9957,447658.3276,480882.5071,486328.5697,501551.6705,526203.4639,549317.1913,553357.0076,570877.1052,657688.9845,701464.3622,714694.2388,785105.8487,794893.268,838803.3342,0.0552,0.2754,0.6724,0.04,,,,,,,,,,,,,,,,,,,,,,,,,,,,7.3741,17.0996,91.1765,,41.79,309.0,zhvi+income
2115,Lopatcong Township,Township,WARREN,3404141490,8776,88388.0,1.0,Great Meadows,49222,,490338.7187,,,,,,,,,,,,,,,,,,,,,,,,,471479.341,483990.4964,490338.7187,0.0131,,,,,,,,,,,,,,,,,,,,,,,,,349810.0,68.0,101.44,0.0,2.0,1.0,5.5476,41.7749,,,41.77,310.0,zhvi+income
1211,Milltown Borough,Borough,MIDDLESEX,3402346620,7037,119958.0,1.0,Milltown,5967,,626971.4523,201837.0033,227570.5602,256083.4392,299129.8294,328403.7609,378961.5312,415702.1289,400086.4309,377110.3018,350787.7898,342801.4161,317064.5357,300456.021,306036.3054,329284.3851,328213.0761,347038.2075,353029.4665,365171.6004,384184.8814,396773.287,435206.3937,472626.7103,500484.9475,551738.3183,588805.9057,626971.4523,0.0648,0.4406,0.8066,0.0446,,,,,,,,,,,,,,,,,,,,,,559695.0,64.0,104.08,82.5,27.0,17.0,5.2266,50.6494,23.7557,,41.68,311.0,zhvi+income
1401,Boonton,Town,MORRIS,3402706610,8815,100417.0,1.0,Boonton,3752,Ambiguous Boonton -> Town (1401); Boonton Township holds 1402,689275.9801,222310.9539,254314.1092,286072.1914,327892.9954,371005.245,413520.4886,453858.4789,448988.1217,434224.614,418977.7046,407098.2038,387798.0217,368714.8542,375518.7036,401232.0904,406506.0103,419910.5014,423159.0202,438367.92,451765.5527,473787.8248,523119.6052,566454.7673,589607.6556,638843.5582,668064.2065,689275.9801,0.0318,0.3176,0.6415,0.0445,,,,,,,,,,,,,,,,,,,,,,698370.0,20.0,103.8,63.75,11.0,23.0,6.8641,22.2944,79.1855,,41.26,312.0,zhvi+income
720,Verona Township,Township,ESSEX,3401375815,14572,159044.0,1.0,Verona,43078,,782530.9378,251238.9868,282334.6347,318507.2205,371783.8325,393927.0635,455062.2865,500603.0876,502845.8872,481776.0041,473287.7045,452516.9582,455548.5366,385352.4735,393537.331,417674.0158,422232.5427,449961.0724,465984.139,476080.3946,482414.896,500002.0013,553398.9425,603299.5455,628376.6932,694937.0499,737642.2044,782530.9378,0.0609,0.414,0.7391,0.0447,3475815.0,Verona,Township,0.0,0.0,1.0,0.0,0.0,0.0,1.0,1.0,1.0,0.0,33.5,1.0,2.0,0.4615,3.0,3.0,3.524,1.6573,,,,,,,4.9202,59.9567,36.4253,8.5714,41.23,313.0,full
912,West New York,Town,HUDSON,3401779610,52912,67139.0,1.0,West New York,36529,,469253.4976,112507.0232,130076.8083,154959.5288,175847.4361,205862.0568,258245.6334,314764.4195,330452.4916,311345.3668,218865.392,221640.1301,198237.5606,187265.5256,201642.0057,224801.2228,237748.9343,249678.2774,273740.3393,296518.1625,308681.8389,332975.694,356736.5864,387464.1765,397156.1497,429661.7692,446953.4216,469253.4976,0.0499,0.3154,0.8794,0.0565,,,,,,,,,,,,,,,,,,,,,,519717.0,51.0,100.65,30.29,130.0,44.0,6.9893,21.2121,80.9955,,41.14,314.0,zhvi+income
1921,Sussex Borough,Borough,SUSSEX,3403771670,2024,72601.0,1.0,Sussex,14055,,459534.7479,123832.4701,134626.905,153862.0061,172981.2372,199239.2511,232504.7218,249416.5186,246431.6906,229376.6893,207925.3516,201402.6769,204404.4722,178137.1615,170099.4582,206540.7423,213990.1806,216796.3581,214241.7899,221770.8348,248793.5554,285744.4555,342607.7764,380606.2757,391606.8296,432515.3439,441237.3803,459534.7479,0.0415,0.3413,1.1197,0.0517,,,,,,,,,,,,,,,,,,,,,,352308.0,90.0,91.36,33.39,4.0,6.0,6.3296,27.2727,68.7783,,41.11,315.0,zhvi+income
1814,North Plainfield Borough,Borough,SOMERSET,3403553280,22808,83529.0,1.0,North Plainfield,46805,,505624.6272,148262.7104,166779.7828,191309.6271,222986.4399,249477.8418,293104.8756,323196.3865,317671.4635,291912.7532,252143.7572,242490.9506,231558.9455,216586.0656,214875.3903,232327.0466,232118.8489,240541.9186,253227.9085,275229.6478,297601.0491,322312.2586,370642.8137,410915.15,439954.7041,495368.6282,511669.19,505624.6272,-0.0118,0.3642,1.102,0.0483,,,,,,,,,,,,,,,,,,,,,,483737.0,49.0,104.35,56.51,50.0,40.0,6.0533,32.9004,57.4661,,41.09,316.0,zhvi+income
1114,Princeton,Borough,MERCER,3402160900,30681,184113.0,1.0,Princeton,395489,,987048.5302,328947.2971,391426.8005,435172.0654,490850.9389,532648.43,604208.0535,666877.642,660372.9742,603569.6435,577467.2614,584182.5651,559457.1108,544732.6598,549596.9123,592013.976,598596.6245,623111.9636,642678.5465,662722.816,667295.7847,658749.9581,711546.768,795716.3982,829392.9664,918712.1746,962765.4068,987048.5302,0.0252,0.3872,0.5841,0.0432,3460900.0,Princeton,Municipality,0.0,0.0,1.0,0.0,0.0,0.0,1.0,1.0,1.0,0.0,35.0,3.0,1.5,0.4444,1.0,3.0,3.0774,1.1829,1349765.0,46.0,101.35,46.33,82.0,82.0,5.3611,47.1861,47.0588,22.8571,41.07,317.0,full
216,Englewood Cliffs Borough,Borough,BERGEN,3400321510,5342,222192.0,1.0,Englewood Cliffs,31443,,1827676.719,485389.9165,540148.3734,603004.5778,694448.0554,771071.9323,896697.9457,1015196.528,985690.0763,989463.9686,1019444.36,1020510.605,980905.1631,1028036.656,1070904.913,1165884.038,1204031.669,1217628.114,1256140.776,1276549.697,1258198.067,1244934.087,1352065.982,1506637.41,1498536.515,1584742.491,1679538.937,1827676.719,0.0882,0.3518,0.501,0.0523,3421510.0,EnglewoodCliffs,Borough,0.0,0.0,1.0,0.0,0.0,0.0,1.0,0.0,1.0,0.0,35.0,2.0,1.5,0.25,1.0,3.0,1.8716,-0.098,2548613.0,112.0,97.26,16.7,31.0,12.0,8.2257,12.3377,65.1584,73.3333,40.79,318.0,full
1213,New Brunswick,City,MIDDLESEX,3402351210,55266,60248.0,1.0,New Brunswick,39967,,452183.2767,143512.7277,158832.2997,181132.5854,216788.2626,255917.5529,301405.3418,334821.8772,331971.3966,310567.7692,284020.1277,263842.3594,243621.9421,221999.6914,223982.2767,225533.396,230228.3615,244672.9827,252993.6641,263833.1312,287910.7386,309430.0537,352553.7689,381180.3298,393382.0541,424221.1338,449888.0382,452183.2767,0.0051,0.2826,0.8481,0.0451,,,,,,,,,,,,,,,,,,,,,,394785.0,85.0,100.48,47.7,92.0,43.0,7.5054,16.0173,89.5928,,40.54,319.0,zhvi+income
222,Glen Rock Borough,Borough,BERGEN,3400326640,12133,210369.0,1.0,Glen Rock,38710,,1110173.577,323715.162,350448.0368,394271.4643,447008.2299,500544.1927,565469.3387,622166.5503,607068.231,581725.4075,549617.2483,554510.946,555302.345,552665.64,579117.9747,637148.7123,651142.2565,659551.0945,669437.4279,683575.9685,681611.6346,693713.4122,770171.1044,838910.0499,867308.427,957684.8421,1017007.465,1110173.577,0.0916,0.4415,0.6832,0.0485,,,,,,,,,,,,,,,,,,,,,,1381748.0,40.0,110.04,75.13,30.0,33.0,5.2773,49.1342,23.3032,,40.52,320.0,zhvi+income
1603,Haledon Borough,Borough,PASSAIC,3403129070,9052,94178.0,1.0,Haledon,52380,,570916.2762,167197.3929,187630.7202,203670.4062,243947.7992,283613.2588,316540.3526,359813.4455,375007.3584,342801.8468,302070.3155,279141.2986,254434.0378,237084.5544,237658.5584,261699.0666,270096.242,283521.9134,295646.4775,324024.4385,344332.2489,370587.0485,417631.2488,463196.7999,491425.0871,530829.5314,549360.5588,570916.2762,0.0392,0.367,1.0137,0.0484,,,,,,,,,,,,,,,,,,,,,,669636.0,25.0,104.82,77.06,11.0,13.0,6.0621,32.684,56.1086,,40.49,321.0,zhvi+income
1317,Freehold Township,Township,MONMOUTH,3402525230,35369,125739.0,1.0,Freehold,395552,,650304.862,186605.1676,213104.6093,240818.9358,277396.7073,310657.4721,355232.219,390520.2738,380141.9614,355759.256,331234.6939,327770.2796,317362.9311,301875.3131,308388.8732,328434.5751,333034.0007,348974.0988,359659.8118,378754.2894,390765.888,396406.1425,472097.9013,538252.3923,552756.3836,605036.2093,630671.6706,650304.862,0.0311,0.3775,0.8635,0.0492,3425230.0,Freehold,Township,0.0,0.0,1.0,0.0,0.0,0.0,1.0,1.0,1.0,1.0,35.0,2.5,1.25,0.2,2.0,4.0,3.6288,1.7687,459750.0,19.0,98.42,51.82,32.0,30.0,5.1719,51.7316,50.2262,7.619,40.33,322.0,full
1331,Matawan Borough,Borough,MONMOUTH,3402544520,9565,122026.0,1.0,Matawan,5840,,661683.4808,166008.7296,193660.8021,222290.978,259627.2315,290420.1739,331866.6637,365028.2339,351669.9394,332844.8704,310350.0419,303717.6089,292074.6564,281437.5349,287461.8349,311137.2648,318211.1115,332972.3324,342099.3376,358864.5651,380702.6325,386984.182,463590.5494,524190.5809,547633.092,608945.4066,638736.116,661683.4808,0.0359,0.4273,0.9872,0.0546,,,,,,,,,,,,,,,,,,,,,,619663.0,45.0,100.22,28.62,11.0,14.0,5.4225,44.8052,30.7692,,40.13,323.0,zhvi+income
901,Bayonne,City,HUDSON,3401703580,71686,81285.0,1.0,Bayonne,21685,,600724.4981,164022.5183,179929.2532,215084.9112,248453.8773,285298.2051,345363.3411,404313.2443,408953.7156,360191.3375,298868.562,288290.3316,267465.9772,259625.7084,266616.1159,285668.6844,284958.6061,297280.2037,319046.9357,357409.0641,389091.9603,421771.0625,465714.0876,511895.0826,525617.3801,565863.5794,593515.6388,600724.4981,0.0121,0.2899,1.0207,0.0512,,,,,,,,,,,,,,,,,,,,,,649646.0,34.0,100.82,47.52,106.0,80.0,7.3903,16.8831,86.4253,,40.06,324.0,zhvi+income
1607,Passaic,City,PASSAIC,3403156550,70537,56780.0,1.0,Passaic,19870,,563433.9323,129099.1967,139950.7251,163274.7049,189741.9146,221589.89,262054.6832,301607.9508,311529.4501,296424.3903,256402.2716,233202.4033,211113.4179,204801.7291,205800.0834,223080.3102,234234.5696,261850.6888,282225.9343,300617.5031,332405.4824,355563.182,417852.0636,466822.8214,485715.1706,520099.4796,554077.7796,563433.9323,0.0169,0.3484,1.1517,0.0583,3456550.0,Passaic,City,0.0,0.0,1.0,0.0,1.0,0.0,0.0,0.0,1.0,0.0,23.0,3.0,1.0,0.6,1.0,3.0,1.7774,-0.1981,583183.0,69.0,104.55,76.8,59.0,31.0,9.9231,7.5758,66.5158,78.0952,39.94,325.0,full
1411,Florham Park Borough,Borough,MORRIS,3402723910,12585,147714.0,1.0,Florham Park,38545,,1076420.878,354262.9857,396247.6713,436242.3392,491789.699,537034.8689,607614.6073,667399.7647,651537.3725,590882.0493,564106.5702,577373.7765,559930.4737,567484.3268,596897.615,634310.3735,653894.0281,670891.1975,683100.4978,700603.3773,700437.3724,713365.9505,759109.3866,822285.4719,841428.0173,930566.3119,984234.0986,1076420.878,0.0937,0.418,0.6045,0.0437,3423910.0,FlorhamPark,Borough,0.0,0.0,1.0,1.0,0.0,0.0,0.0,1.0,1.0,1.0,35.0,3.0,2.0,0.7857,1.0,2.0,1.4001,-0.5989,929494.0,17.0,104.9,58.44,20.0,25.0,7.2872,17.7489,33.7104,90.4762,39.92,326.0,full
221,Garfield,City,BERGEN,3400325770,32655,75701.0,1.0,Garfield,42213,,595434.0525,181129.3219,204024.5172,226713.5005,267118.6349,310384.7905,364411.6311,416495.9021,417954.4103,390327.1843,342005.038,319092.1668,293472.8674,283264.925,287790.7484,302693.3838,316961.65,334496.737,351609.8941,368706.7144,387198.8719,418347.223,467377.7249,502834.5118,519119.2518,553381.8969,585922.4902,595434.0525,0.0162,0.274,0.7801,0.0468,,,,,,,,,,,,,,,,,,,,,,639652.0,57.0,103.0,51.44,53.0,38.0,7.8656,14.0693,91.4027,,39.85,327.0,zhvi+income
240,Northvale Borough,Borough,BERGEN,3400353430,4761,117717.0,1.0,Northvale,33185,,771122.2948,274654.4458,302117.7263,344242.5986,390796.1537,441377.1368,512659.0432,542889.926,540738.2432,503431.9559,469878.4515,458519.4662,436242.798,426650.4356,439527.6307,469582.0571,467088.3017,481815.031,496054.6514,499511.3186,505174.9767,516299.2623,575306.0615,623881.4109,646659.7945,710154.2072,726840.7962,771122.2948,0.0609,0.3404,0.6005,0.0405,,,,,,,,,,,,,,,,,,,,,,699619.0,59.0,102.76,44.52,12.0,9.0,6.5506,24.4589,69.6833,,39.53,328.0,zhvi+income
1427,Mount Olive Township,Township,MORRIS,3402749080,28886,119931.0,2.0,Budd Lake; Flanders,35236; 18115,,610361.6578,194527.3858,219963.1902,245289.4341,278268.6303,322299.1568,358810.8034,395560.7351,390994.5664,356918.9377,335324.4936,316832.9139,295787.5022,287680.4444,298030.3565,317648.0573,324088.8195,336016.4649,338997.0044,353883.425,375156.1042,362844.1343,401215.6531,445588.3911,471414.3952,574188.9108,603015.6384,610361.6578,0.0122,0.5213,0.8165,0.045,,,,,,,,,,,,,,,,,,,,,,616591.439,14.8293,107.8151,85.3085,31.0,41.0,5.0893,55.1948,7.9186,,39.44,329.0,zhvi+income
1509,Eagleswood Township,Township,OCEAN,3402918670,1722,93000.0,1.0,West Creek,830774,,529293.0191,,,,,,,,,,,,,,,,,,,,,,,,,492852.1744,509093.589,529293.0191,0.0397,,,,,,,,,,,,,,,,,,,,,,,,,,,,,,,5.6913,39.3939,,,39.39,330.0,zhvi+income
270,Wyckoff Township,Township,BERGEN,3400383050,16585,196632.0,1.0,Wyckoff,29390,,1171077.439,388369.9763,427790.5466,468942.5295,534835.6998,595768.8748,678280.9208,724864.7723,721836.2418,682452.8397,674350.6876,664853.4118,670435.8206,671114.3207,689444.3689,728532.429,742126.6242,750148.6327,758329.3507,760889.0097,752800.3351,761830.6757,844867.9866,918755.5373,936332.6514,1029532.498,1069094.621,1171077.439,0.0954,0.3861,0.5611,0.0434,,,,,,,,,,,,,,,,,,,,,,,,,,,,5.9557,34.632,47.2851,,38.85,331.0,zhvi+income
910,Union City,City,HUDSON,3401774630,68589,65369.0,1.0,Union City,54791,,569523.3203,93844.7912,107780.5117,122740.836,148576.5561,177818.9675,219531.352,265122.7104,289651.8804,276556.1143,224219.031,220715.1266,192156.582,194819.3549,207002.0494,228699.3664,246499.9134,270199.4588,293424.3385,333134.1305,348416.2104,375536.965,406518.7529,429782.1167,432391.3934,480794.1502,542230.5983,569523.3203,0.0503,0.401,1.1078,0.0718,3474630.0,UnionCity,City,0.0,0.0,1.0,1.0,0.0,0.0,0.0,0.0,1.0,1.0,20.0,2.5,1.0,0.6667,2.0,5.0,1.057,-0.9634,559695.0,57.0,100.11,41.45,150.0,59.0,8.7124,10.3896,40.2715,93.3333,38.6,332.0,full
908,North Bergen Township,Township,HUDSON,3401752470,63361,75505.0,1.0,North Bergen Township,40038,,589648.0471,132769.686,147685.2732,171793.4164,199302.8912,232765.7942,287549.9981,339423.18,353926.0785,330436.4593,258700.9883,250297.2689,231293.8766,233933.1672,246351.2749,261253.8291,274289.4425,300945.0675,324319.846,355917.1435,388949.3706,416873.6202,457497.0461,482922.5205,492460.6924,537400.552,582221.2263,589648.0471,0.0128,0.2889,0.9593,0.059,,,,,,,,,,,,,,,,,,,,,,622161.0,59.0,99.88,40.27,251.0,104.0,7.8094,14.5022,86.6516,,38.55,333.0,zhvi+income
2002,Clark Township,Township,UNION,3403913150,15544,122610.0,1.0,Clark,10836,,736288.2567,237060.7237,266018.6569,298147.5692,336255.3294,387116.5153,432729.886,480214.2701,471900.6004,443439.7079,391812.9289,410404.8355,387976.9546,368552.9718,370956.7381,397646.4728,416178.5421,435644.0743,452838.6414,468787.6026,475136.7826,474525.272,531336.8352,569788.7886,621712.8967,694364.0975,733846.9296,736288.2567,0.0033,0.3857,0.6901,0.0446,,,,,,,,,,,,,,,,,,,,,,,,,,,,6.0051,33.7662,47.5113,,38.35,334.0,zhvi+income
228,Ho-Ho-Kus Borough,Borough,BERGEN,3400332310,4258,250001.0,1.0,Ho Ho Kus,25143,,1347690.118,391415.5495,434557.1999,477278.1379,542486.124,592473.4002,666870.919,735772.1311,718289.2607,687784.1366,690609.064,671860.9992,669749.3942,676482.1979,714125.4727,762357.7834,784344.423,805178.0549,816050.6122,816898.2939,816331.1484,815968.0334,938486.843,1023020.393,1080291.265,1169068.979,1232726.841,1347690.118,0.0933,0.436,0.6738,0.0487,3432310.0,HoHoKus,Borough,0.0,0.0,1.0,0.0,0.0,1.0,0.0,1.0,1.0,0.0,35.0,2.5,1.15,0.2857,2.0,3.0,2.7359,0.8201,1599130.0,69.0,104.46,55.1,21.0,20.0,5.3907,45.4545,26.2443,34.7619,37.98,335.0,full
1338,Oceanport Borough,Borough,MONMOUTH,3402554570,6150,156196.0,1.0,Oceanport,16319,,954147.6625,272316.3984,307054.4519,352836.6277,417104.5518,467670.2074,543522.7123,604644.5938,588121.0185,541414.0692,483800.6342,454941.8883,431872.6972,413607.7248,425751.7166,444985.0688,446487.6842,476881.6014,498308.8226,523687.4772,557940.6397,565143.7499,684569.7273,793577.745,820444.7873,889982.6721,900493.0855,954147.6625,0.0596,0.3938,1.0008,0.0494,3454570.0,Oceanport,Borough,0.0,0.0,1.0,0.0,1.0,0.0,0.0,1.0,1.0,0.0,45.0,2.0,1.0,0.3636,2.0,2.0,2.5332,0.6048,1074415.0,20.0,102.39,44.52,14.0,18.0,6.1087,31.3853,44.3439,44.7619,37.97,336.0,full
722,West Orange Township,Township,ESSEX,3401379800,48843,131645.0,1.0,West Orange,16216,,706661.198,224531.824,257474.569,286677.0239,326750.3389,359092.3031,404647.9654,456319.5591,452792.5044,422687.136,374249.4513,359496.7024,338601.1762,312908.0917,322545.5059,357405.8533,363509.2022,373874.6847,393956.6082,408167.3235,418550.9416,432607.6452,488290.896,537446.2817,558180.6856,627338.322,645565.4545,706661.198,0.0946,0.4472,0.8901,0.0451,,,,,,,,,,,,,,,,,,,,,,,,,,,,5.3679,46.5368,20.8145,,37.96,337.0,zhvi+income
1602,Clifton,City,PASSAIC,3403113690,90296,99003.0,1.0,Clifton,24120,,616095.8961,181543.391,202135.4227,225956.9608,264398.5262,298222.2045,341347.9461,383271.9284,383786.3247,356713.8009,320215.9707,311969.7651,293863.6508,285234.8649,287855.7408,304868.6619,309096.3247,329507.2924,338478.2385,360877.6898,377308.5156,393497.8234,449506.0796,486552.3656,510983.98,557084.3236,594683.6331,616095.8961,0.036,0.3706,0.8697,0.0481,,,,,,,,,,,,,,,,,,,,,,629657.0,30.0,105.58,73.06,142.0,136.0,6.223,28.7879,54.0724,,37.22,338.0,zhvi+income
1417,Madison Borough,Borough,MORRIS,3402742510,16937,168469.0,1.0,Madison,53105,,1045391.529,371335.2336,427897.3813,456567.1089,504566.6839,543993.7935,624055.2043,676589.3946,664282.271,620929.1194,590585.348,569330.5089,579555.1318,577429.2055,615263.449,694529.0961,687623.7251,694596.5888,696926.9657,708688.007,709310.6295,699159.1195,765664.0404,835194.0101,862733.4588,937061.4119,976599.6985,1045391.529,0.0704,0.3653,0.505,0.0406,3442510.0,Madison,Borough,0.0,0.0,1.0,0.0,0.0,0.0,1.0,1.0,1.0,1.0,35.0,2.5,1.0,0.2727,2.0,3.0,2.783,0.8702,1104399.0,20.0,107.79,69.46,37.0,77.0,6.2052,29.2208,57.0136,33.3333,37.2,339.0,full
1616,Woodland Park Borough,Borough,PASSAIC,3403182423,13484,85638.0,1.0,Woodland Park,16217,,655725.4832,220731.3183,241016.6218,264966.7209,312516.9317,356878.936,404288.1404,448889.7194,446004.871,419361.7629,374714.6935,361906.858,344080.2541,347117.0178,342089.1022,365090.1159,370684.4376,383757.0681,394855.385,413979.6509,434093.5129,448204.2087,499732.2966,545521.9306,565602.3198,606218.3765,628248.5904,655725.4832,0.0437,0.3122,0.7087,0.0428,,,,,,,,,,,,,,,,,,,,,,648647.0,28.0,104.44,68.54,25.0,39.0,7.6569,14.9351,81.2217,,37.03,340.0,zhvi+income
1335,Neptune Township,Township,MONMOUTH,3402549890,28061,96827.0,1.0,Neptune Township,26082,,625758.7624,145851.2455,166093.6502,188835.5935,223361.4393,265130.4505,313054.2063,349689.9353,344114.993,312797.196,314783.8218,303086.652,274362.2814,259383.2824,263445.7578,282713.6031,290956.3752,308701.5666,318272.4566,338187.9711,359461.8134,376355.7509,443432.5321,500022.9346,519157.1082,569797.0514,598712.4901,625758.7624,0.0452,0.4112,1.0271,0.0576,3449890.0,Neptune,Township,0.0,0.0,1.0,0.0,1.0,0.0,0.0,1.0,1.0,1.0,23.5,3.5,2.0,0.6,1.0,3.0,2.293,0.3496,,,,,,,6.4626,25.5411,36.8778,59.5238,36.87,341.0,full
1533,Tuckerton Borough,Borough,OCEAN,3402974210,3577,78934.0,1.0,Tuckerton,41299,,427528.0018,116835.057,129398.4662,145549.4604,181563.7209,225915.1257,271282.4917,314582.0589,302851.4301,279098.0514,245918.1966,231688.2864,209343.8431,195721.3704,187394.7931,182685.6527,193130.6386,203539.0072,214615.66,216690.9392,224061.354,244465.1739,294628.7454,350486.3297,363787.1675,391659.9058,409731.9785,427528.0018,0.0434,0.4511,1.1005,0.0512,,,,,,,,,,,,,,,,,,,,,,527213.0,25.0,97.77,14.31,21.0,14.0,5.4163,45.2381,20.1357,,36.87,341.0,zhvi+income
1349,Tinton Falls Borough,Borough,MONMOUTH,3402573020,19181,113844.0,1.0,Tinton Falls,54702,,645010.5136,185499.6962,215802.0548,240708.1548,282396.4464,321285.8306,365969.3167,400246.5208,390591.7471,372428.2512,346898.1043,337757.8854,322820.1965,305188.8772,311784.2623,338418.1228,343283.513,352608.0973,359251.122,373331.5541,387437.2237,393970.9866,451881.4812,517844.5633,542860.9969,591016.7963,614042.97,645010.5136,0.0504,0.4274,0.8293,0.0491,,,,,,,,,,,,,,,,,,,,,,508223.0,18.0,102.63,63.75,26.0,68.0,5.6657,39.8268,30.543,,36.73,343.0,zhvi+income
1009,Flemington Borough,Borough,HUNTERDON,3401923700,4876,74213.0,1.0,Flemington,4730,,654545.7662,265203.4579,285312.1439,323589.2677,370403.8868,412340.3869,457969.5004,516959.7903,487903.686,466972.4316,415100.4823,404438.6287,370507.091,359676.6956,361050.5055,386391.4845,394036.3529,390927.0571,411250.0547,417944.8083,426457.8734,439671.1591,489602.4787,536405.2246,553655.9517,614449.2078,634931.4748,654545.7662,0.0309,0.3369,0.6743,0.0354,3423700.0,Flemington,Borough,0.0,0.0,1.0,0.0,0.0,1.0,0.0,1.0,1.0,1.0,45.0,2.5,1.0,0.25,1.0,3.0,2.3401,0.3996,514720.0,34.0,102.63,57.25,10.0,7.0,8.8198,9.9567,71.0407,55.2381,36.55,344.0,full
1409,Dover,Town,MORRIS,3402718070,18460,70519.0,1.0,Dover,11144,,522244.2047,182498.1428,208468.5334,233608.003,275472.1387,316546.9264,355513.7752,395482.76,385826.7544,340008.1511,298327.5993,279298.7714,262223.6728,248630.6826,253800.9438,269482.3081,280307.7265,292253.014,293747.215,308557.7515,326868.7245,344110.3513,393982.53,434855.3527,457062.5863,497510.063,516576.1422,522244.2047,0.011,0.3256,0.787,0.0413,,,,,,,,,,,,,,,,,,,,,,497729.0,36.0,98.25,44.52,18.0,18.0,7.4057,16.6667,76.2443,,36.53,345.0,zhvi+income
102,Atlantic City,City,ATLANTIC,3400102080,38497,36220.0,1.0,Atlantic City,10201,,221431.7599,61610.5566,66820.3251,74851.0026,90971.9186,112346.5645,144853.6382,178134.4891,192728.8665,179798.7241,157016.1784,136873.1724,115900.7379,111221.5301,101662.0124,96013.6419,98978.0614,81995.8979,78679.9079,90408.7111,106378.7669,118857.022,141915.0985,163777.3151,176114.0846,206687.2093,217827.9004,221431.7599,0.0165,0.5603,1.7005,0.0504,3402080.0,Atlantic,City,0.0,0.0,1.0,1.0,0.0,0.0,0.0,1.0,0.0,0.0,20.0,10.0,1.25,0.6667,2.0,4.0,1.6317,-0.3528,234872.0,106.0,94.73,9.34,320.0,121.0,6.1135,30.9524,4.0724,80.0,36.49,346.0,full
1224,Spotswood Borough,Borough,MIDDLESEX,3402369810,8163,101388.0,1.0,Spotswood,56870,,579349.4892,166896.0493,189524.0523,218333.7209,254061.0969,283831.1825,324548.9312,366807.9835,364320.5214,336061.0885,314540.2261,314856.2479,284460.0212,270655.1571,272984.072,290146.1316,292865.9973,301800.1406,307511.9087,318476.0256,340040.676,363172.4562,405939.1868,447880.5635,473053.3004,522611.136,559079.6831,579349.4892,0.0363,0.4272,0.9196,0.049,,,,,,,,,,,,,,,,,,,,,,459750.0,70.0,100.68,44.08,34.0,26.0,5.7142,38.961,30.9955,,36.31,347.0,zhvi+income
1520,Mantoloking Borough,Borough,OCEAN,3402943380,331,250001.0,2.0,Waretown; Mantoloking,21156; 32677,,1342049.2053,469271.6148,571185.3361,669953.0918,786086.1495,890610.3873,1041098.435,1165672.905,1175664.98,1170243.057,1043638.487,1000821.041,967797.037,902775.1144,905693.424,881195.9812,876718.1754,605487.8584,623015.1356,656571.9415,694973.2552,719426.9627,910855.2211,1103498.9504,1076025.8088,1155907.0772,1229594.1868,1342049.2053,0.0915,0.4734,1.2165,0.0412,,,,,,,,,,,,,,,,,,,,,,1044431.2941,59.3529,95.8118,11.7847,19.0,17.0,5.3682,46.3203,15.1584,,35.93,348.0,zhvi+income
1111,Trenton,City,MERCER,3402174000,90871,47102.0,1.0,Trenton,41279,,356469.6984,177434.3708,182199.3769,193333.2204,212213.7342,241836.4578,296597.6222,351501.5702,358319.5736,327999.8077,273839.5592,249103.5517,190811.6432,140224.5394,132733.7566,144659.8931,139477.432,149632.0931,149579.7872,167670.6676,195237.5129,218678.5494,249619.2602,289353.6037,314346.1085,345713.0466,363415.0784,356469.6984,-0.0191,0.4281,1.3823,0.0272,3474000.0,Trenton,City,0.0,0.0,1.0,1.0,0.0,0.0,0.0,1.0,0.0,0.0,35.0,2.5,1.0,0.3,1.0,4.0,1.581,-0.4067,249864.0,50.0,98.11,28.73,186.0,139.0,7.568,15.368,29.8643,82.8571,35.86,349.0,full
711,Maplewood Township,Township,ESSEX,3401343800,25684,167428.0,1.0,Maplewood,39616,,990627.4655,229037.7517,265788.9611,294878.4308,338450.5708,373806.511,437393.8783,490998.6022,490828.0784,469851.0724,434691.0174,433991.5349,416071.2397,404124.2194,420282.5404,469071.9,491810.3476,526027.5237,563098.3404,600399.153,599708.1238,607611.4986,699820.1635,767149.8753,803030.7827,881386.0758,943624.3353,990627.4655,0.0498,0.4155,0.8832,0.0579,,,,,,,,,,,,,,,,,,,,,,,,,,,,5.9167,35.7143,35.7466,,35.73,350.0,zhvi+income
1821,Watchung Borough,Borough,SOMERSET,3403577600,6449,166536.0,1.0,Watchung,27793,,1103635.523,473687.3814,528396.6194,576622.3617,652887.8221,704893.5594,802153.895,853203.7846,830535.3953,756219.0566,715954.4551,699446.2992,675664.3467,649707.8385,635910.4184,700924.7365,700747.5972,717508.0612,733520.578,742912.9232,741009.2165,737591.7478,810135.8037,896893.7624,925783.4556,1022124.913,1064164.234,1103635.523,0.0371,0.3623,0.5382,0.0331,,,,,,,,,,,,,,,,,,,,,,1279304.0,14.0,104.78,53.04,21.0,17.0,6.627,24.026,58.5973,,35.55,351.0,zhvi+income
1524,Plumsted Township,Township,OCEAN,3402959790,8072,89308.0,1.0,New Egypt,39972,,579107.3369,180274.4806,203046.662,228056.3858,269676.8343,310888.828,365375.4035,402591.7843,407368.984,369156.7809,369676.2536,340431.8135,306798.4476,289424.0882,277520.4478,280338.9213,287079.5705,297895.2837,318813.5245,318558.6757,329149.0275,354354.3345,423404.3259,484200.5135,494387.2354,539416.7748,558251.8431,579107.3369,0.0374,0.3677,0.944,0.0459,,,,,,,,,,,,,,,,,,,,,,542205.0,46.0,98.89,14.31,15.0,14.0,6.4844,25.3247,55.6561,,35.44,352.0,zhvi+income
231,Lodi Borough,Borough,BERGEN,3400341100,26206,84570.0,1.0,Lodi,53018,,634973.5502,179038.8933,198842.4565,221987.7173,265647.2944,299912.3701,352454.867,394921.5621,397033.1701,359701.7154,316045.974,305431.9825,291428.5544,286756.6713,294508.196,314772.8683,320826.9534,330582.052,345876.1425,367882.7768,387571.3436,426702.4052,477062.5228,516751.4248,528180.878,569532.6947,603086.7092,634973.5502,0.0529,0.331,0.9208,0.0499,,,,,,,,,,,,,,,,,,,,,,660640.0,68.0,104.36,75.13,59.0,25.0,7.5083,15.8009,74.2081,,35.27,353.0,zhvi+income
705,East Orange,City,ESSEX,3401319390,69612,59872.0,1.0,East Orange,51806,,483574.852,143699.2188,154438.4101,166413.3805,183111.2181,200679.187,246267.7153,299489.3376,324431.0048,312066.2715,265122.9581,228562.3737,197256.7053,159345.0991,154547.206,139600.8446,151421.2166,172614.0571,192268.1369,217593.3321,256215.0006,305316.8345,362091.8875,400537.9985,422551.5294,459026.7303,488528.3947,483574.852,-0.0101,0.3355,1.8015,0.0478,3419390.0,EastOrange,City,0.0,0.0,1.0,0.0,1.0,0.0,0.0,1.0,0.0,0.0,18.5,2.5,1.0,0.8,3.0,3.0,2.6093,0.6856,535459.0,84.0,101.67,63.88,127.0,71.0,8.0768,13.2035,71.7195,42.8571,35.25,354.0,full
1325,Little Silver Borough,Borough,MONMOUTH,3402540770,6131,220746.0,1.0,Little Silver,19051,,1184623.9,301106.954,341923.7577,380437.536,442718.7356,506250.0215,577750.8745,626212.9299,602719.4512,586647.8178,555323.287,539197.8133,523537.7728,512194.1855,526564.244,593228.6569,616999.2313,631207.3747,629443.3827,654093.7175,666461.7308,672310.3155,791457.558,918611.6675,941341.0036,1033776.683,1069579.625,1184623.9,0.1076,0.4968,0.8768,0.0541,,,,,,,,,,,,,,,,,,,,,,1325529.0,14.0,112.08,72.35,14.0,18.0,5.3665,46.9697,11.5385,,35.16,355.0,zhvi+income
1319,Highlands Borough,Borough,MONMOUTH,3402531500,4621,90082.0,1.0,Highlands,42217,,604096.9276,,,,,,,,,,,,,,,,,281980.0714,288480.4067,319586.2385,339606.1679,371512.2729,443415.4982,505571.376,526098.9424,580090.0036,583003.4814,604096.9276,0.0362,0.3624,1.1423,,,,,,,,,,,,,,,,,,,,,,,665138.0,28.0,101.79,40.7,18.0,33.0,6.7061,23.3766,58.371,,35.04,356.0,zhvi+income
326,North Hanover Township,Township,BURLINGTON,3400553070,7963,83447.0,1.0,North Hanover Township,26186,,576423.3485,182623.6353,192587.1607,213682.3077,263290.0884,298783.1889,345441.7805,380548.3305,380160.9505,351145.3404,322043.9665,303253.053,286534.799,286624.3367,299030.83,301411.0685,317149.5658,327274.3457,341398.4733,344988.1083,355237.3759,380723.2471,423622.9389,472619.177,498447.213,543321.1796,558055.1507,576423.3485,0.0329,0.3607,0.7613,0.0452,,,,,,,,,,,,,,,,,,,,,,,,,,,,6.9077,21.8615,60.6335,,34.79,357.0,zhvi+income
207,Closter Borough,Borough,BERGEN,3400313810,8594,187500.0,1.0,Closter,10871,,1208549.439,384247.1493,425070.8714,485265.7128,543167.3925,619340.9841,716395.5637,794445.4375,749170.0774,710864.6415,645941.7168,620659.6491,603370.7016,619174.2436,642424.3847,682919.0507,690771.299,703867.3154,716795.5828,731157.5014,736744.1082,744339.4525,838287.3316,920190.7848,959337.6346,1057460.428,1127825.647,1208549.439,0.0716,0.4417,0.717,0.0451,3413810.0,Closter,Borough,0.0,0.0,1.0,1.0,0.0,0.0,0.0,1.0,1.0,1.0,30.0,2.5,1.0,0.5,2.0,4.0,2.1071,0.1522,1624116.0,79.0,100.96,38.78,40.0,32.0,6.4456,26.1905,23.0769,62.8571,34.58,358.0,full
265,Wallington Borough,Borough,BERGEN,3400376490,11868,82422.0,1.0,Wallington,50015,,697197.9802,185211.6006,206595.3718,232581.5223,274814.6849,314026.9917,364915.1273,411447.2028,409892.6566,382344.3004,361964.6137,358308.4681,340666.4094,336518.4659,355484.5656,371849.2024,361687.7727,386604.0256,409596.0547,435963.8601,447546.4045,469693.04,529165.0758,572502.2695,577729.8586,602720.8593,642876.1958,697197.9802,0.0845,0.3175,0.8034,0.0523,,,,,,,,,,,,,,,,,,,,,,809559.0,58.0,104.38,50.09,13.0,8.0,8.4589,12.1212,79.4118,,34.55,359.0,zhvi+income
2012,Plainfield,City,UNION,3403959190,54586,80334.0,1.0,Plainfield,33445,,526196.7312,131205.522,144169.3836,159871.701,189820.1548,224630.6317,265269.5443,302980.2855,315440.4992,295166.1025,239589.2998,229470.8369,192857.6802,166320.9198,164781.6499,179243.3988,185067.8562,189426.9084,210666.9076,243453.5118,279076.8775,306528.3242,367476.8006,417620.2077,445608.1211,484214.643,525613.5099,526196.7312,0.0011,0.4319,1.7778,0.0549,3459190.0,Plainfield,City,0.0,0.0,1.0,0.0,0.0,1.0,0.0,1.0,0.0,0.0,39.5,24.5,1.0,0.5,2.0,3.0,2.2605,0.3151,539706.0,42.0,102.46,57.03,87.0,67.0,6.5501,24.6753,27.6018,60.9524,34.48,360.0,full
1501,Barnegat Township,Township,OCEAN,3402903050,24296,89301.0,1.0,Barnegat,50861,,510431.6097,139892.3363,155150.2624,176339.4921,211750.8228,251419.002,289777.3852,324371.1537,320346.0661,305670.4844,276151.6288,266395.1816,243149.0253,231791.0726,235036.5082,246831.0196,249544.7331,254754.4544,263641.9037,270227.0126,284781.4598,292404.1464,355135.5238,429997.9661,448228.7435,480154.6872,490229.3694,510431.6097,0.0412,0.4373,1.0036,0.051,,,,,,,,,,,,,,,,,,,,,,474242.0,22.0,98.16,35.78,17.0,14.0,5.7159,38.7446,25.5656,,34.35,361.0,zhvi+income
243,Old Tappan Borough,Borough,BERGEN,3400354870,5888,199250.0,1.0,Old Tappan,40146,,1263705.581,511398.5761,565300.3653,628285.3586,713851.0831,789978.3296,901149.5157,992782.4276,971635.2857,901997.2627,849983.5794,801027.1405,821056.0144,837228.969,832816.0652,857726.5207,853302.1886,872788.976,879015.6868,874807.849,856780.0385,856366.6657,943616.108,1058254.549,1052746.897,1145119.483,1180760.044,1263705.581,0.0702,0.3392,0.4479,0.0354,3454870.0,OldTappan,Borough,0.0,0.0,1.0,0.0,1.0,0.0,0.0,1.0,1.0,1.0,35.0,3.0,1.0,0.0,4.0,2.0,3.3249,1.4458,1394241.0,67.0,101.16,53.04,28.0,17.0,6.3423,27.0563,70.362,11.4286,33.98,362.0,full
1344,Shrewsbury Borough,Borough,MONMOUTH,3402567350,4184,144500.0,1.0,Shrewsbury,397046,Ambiguous Shrewsbury -> Borough (1344); NZLUD match,1000563.119,271960.2832,311752.7958,347653.8727,397440.6143,452227.1253,519389.3042,572336.0857,553013.2614,520377.5931,477324.7176,462307.3624,449293.8859,436931.9669,462093.3121,525284.745,545012.2837,570460.4453,568367.1523,585699.9123,591193.704,598760.7922,700871.0848,799809.385,817672.1766,913158.6732,928861.3015,1000563.119,0.0772,0.4276,0.754,0.0514,3467350.0,Shrewsbury,Borough,0.0,0.0,1.0,0.0,0.0,1.0,0.0,1.0,1.0,1.0,25.0,2.5,1.0,0.2,2.0,2.0,2.2352,0.2882,1224334.0,12.0,106.25,60.11,5.0,15.0,6.9243,21.645,30.3167,61.9048,33.88,363.0,full
1511,Island Heights Borough,Borough,OCEAN,3402934530,1650,107308.0,1.0,Island Heights,25273,,637614.1283,145485.4463,169301.1092,192054.3455,239056.7654,283113.6782,355321.8827,391088.6698,389146.467,336505.7692,309288.9776,306295.7732,282491.5156,283031.7286,292811.9777,297859.9799,299808.0205,324983.5853,327290.418,326219.5093,345179.3134,370248.3513,448611.9335,525963.5942,525922.4641,594959.0906,611682.0908,637614.1283,0.0424,0.4213,0.962,0.0585,,,,,,,,,,,,,,,,,,,,,,619663.0,35.0,99.17,16.7,6.0,6.0,5.9419,35.0649,31.448,,33.86,364.0,zhvi+income
1820,Warren Township,Township,SOMERSET,3403576940,15923,189393.0,1.0,Warren Township,55038,,1155830.261,472203.8282,519813.9833,569646.0605,649235.3977,697011.3524,795981.0162,844482.8777,821192.3191,761286.4096,722031.0186,699016.6589,679118.4465,665780.922,677839.5293,737887.6181,745295.7282,756090.3455,756179.453,766823.9629,755304.1365,745369.0711,820104.1224,919213.6538,934809.4903,1051701.664,1109200.952,1155830.261,0.042,0.4094,0.5287,0.035,,,,,,,,,,,,,,,,,,,,,,1299293.0,22.0,101.8,48.81,46.0,40.0,6.1028,31.8182,37.7828,,33.81,365.0,zhvi+income
1513,Lacey Township,Township,OCEAN,3402937380,28655,100519.0,2.0,Forked River; Lanoka Harbor,38565; 46154,,540627.3565,,,,,,,,,,,,,,,,,256064.1779,258774.565,267570.2373,276894.2265,289865.0305,357406.179,420403.0731,436175.2646,496006.7208,515309.0156,540627.3565,0.0491,0.5126,1.1113,,,,,,,,,,,,,,,,,,,,,,,524714.0,39.0,99.87,33.39,30.0,34.0,5.3784,45.8874,9.276,,33.68,366.0,zhvi+income
1804,Bound Brook Borough,Borough,SOMERSET,3403506790,11988,80876.0,1.0,Bound Brook,10008,,522037.0646,180188.6553,198097.6828,220046.5391,262658.0451,301966.9371,345998.6391,379106.7377,371448.3423,341213.7094,308163.6354,295067.524,270474.2506,253074.2395,237617.8078,251638.0632,252179.3001,261524.4358,275789.9429,290335.4553,303039.5617,326772.1545,377494.5789,422732.9244,453526.1221,497293.7405,524724.5022,522037.0646,-0.0051,0.3829,0.9961,0.0418,,,,,,,,,,,,,,,,,,,,,,587180.0,29.0,103.59,64.4,13.0,14.0,6.4548,25.7576,48.6425,,33.39,367.0,zhvi+income
712,Millburn Township,Township,ESSEX,3401346380,21710,250001.0,2.0,Short Hills; Millburn,13829; 36150,,1889226.8915,544114.2346,623441.8908,684658.4808,776049.4954,833046.4747,946515.9512,1038537.6306,1054882.0137,1002108.677,939346.175,918128.1317,925428.3444,911359.214,967104.8051,1064717.5954,1090716.6466,1132711.6791,1146113.922,1183156.0494,1141998.2872,1100733.8053,1246817.9852,1412964.861,1476271.8185,1682482.98,1750892.2125,1889226.8915,0.079,0.5152,0.6679,0.049,3446380.0,Millburn,Township,0.0,0.0,1.0,1.0,0.0,0.0,0.0,0.0,1.0,1.0,33.5,2.0,1.55,0.5,1.0,1.0,1.074,-0.9453,2548613.0,10.0,105.98,66.79,30.0,52.0,7.5569,15.5844,9.0498,92.381,33.15,368.0,full
2006,Garwood Borough,Borough,UNION,3403925800,4454,100948.0,1.0,Garwood,52178,,704713.0823,211419.5735,229109.7174,267041.4996,303976.3467,355906.8122,385902.1714,440589.6196,436171.4778,403388.2003,368654.2359,378599.5132,347098.4806,341679.4975,340561.8614,372573.4655,389179.0688,407597.4518,426022.4295,443754.9734,453982.104,456986.3619,515954.761,571111.497,594626.8771,650225.3232,693485.5683,704713.0823,0.0162,0.3658,0.7289,0.0474,,,,,,,,,,,,,,,,,,,,,,674633.0,20.0,103.57,68.54,9.0,19.0,6.981,21.4286,56.5611,,33.14,369.0,zhvi+income
238,New Milford Borough,Borough,BERGEN,3400351660,16923,113513.0,1.0,New Milford,19592,,754236.0698,232233.4034,259811.4522,288108.9538,337679.8801,370994.0281,431446.4709,476986.1614,463064.3644,443119.0775,408067.449,400443.7643,388545.5249,383912.6412,387553.6824,404296.8906,398753.7947,418092.4589,440596.0623,454016.0367,467336.35,494419.8885,547890.0718,594014.2924,614719.0631,666981.6803,691480.4429,754236.0698,0.0908,0.3766,0.804,0.0463,,,,,,,,,,,,,,,,,,,,,,569690.0,56.0,101.29,51.03,84.0,54.0,6.6445,23.8095,51.1312,,32.92,370.0,zhvi+income
1201,Carteret Borough,Borough,MIDDLESEX,3402310750,25326,87553.0,1.0,Carteret,51291,,564361.4986,144695.7486,162754.8641,185309.2808,219244.2124,243528.7935,282831.0966,322698.93,322990.6986,297426.3464,258864.4965,244460.0311,218631.7662,208124.4964,220550.5711,238298.017,242676.0387,259310.5818,273193.5504,295404.5682,323929.3893,357908.9852,405931.6372,445563.5619,466387.691,512201.8336,535410.4198,564361.4986,0.0541,0.3903,1.1764,0.0537,,,,,,,,,,,,,,,,,,,,,,594676.0,72.0,102.73,52.87,64.0,37.0,6.4459,25.974,46.3801,,32.78,371.0,zhvi+income
1512,Jackson Township,Township,OCEAN,3402934680,58544,108947.0,1.0,Jackson,32180,,645542.0938,179572.6262,200315.5217,233586.5709,277919.9758,320628.3716,361700.3192,395672.3576,384820.8373,353021.5504,321740.5677,314308.1513,299836.6701,295951.7814,302593.19,324327.2803,336825.9662,352703.1346,369512.1277,373376.2006,381338.1226,383578.5956,455788.083,549170.8141,568322.0192,610650.6137,634018.4947,645542.0938,0.0182,0.4163,0.8303,0.0504,3434680.0,Jackson,Township,0.0,0.0,1.0,0.0,0.0,0.0,1.0,1.0,1.0,1.0,35.0,3.0,1.0,0.45,1.0,3.0,3.0774,1.1829,,,,,,,5.9253,35.4978,35.5204,22.8571,32.34,372.0,full
259,South Hackensack Township,Township,BERGEN,3400368970,2701,82750.0,1.0,South Hackensack,398243,,721275.5975,,,,,,,,,,,,,,,,,409655.5074,428999.7876,447794.0892,463363.1613,478612.8287,544270.7614,594405.261,608209.4162,660500.167,692620.2471,721275.5975,0.0414,0.3252,0.7607,,,,,,,,,,,,,,,,,,,,,,,,,,,,,8.7163,10.1732,76.4706,,32.27,373.0,zhvi+income
1324,Keyport Borough,Borough,MONMOUTH,3402536810,7204,79036.0,1.0,Keyport,5416,,512965.1319,128650.3186,144205.2378,165671.2133,192866.8699,222876.2908,262218.5793,293289.9962,290847.1611,275131.3049,246116.6288,246156.91,231071.3521,217034.3676,216153.0072,231480.1176,235846.3096,244953.3383,250909.1838,272682.5395,289907.0944,307780.9327,369270.1302,410178.0382,422515.5023,467371.9028,498535.1896,512965.1319,0.0289,0.3891,1.0941,0.0546,,,,,,,,,,,,,,,,,,,,,,624610.0,20.0,103.0,54.64,26.0,23.0,6.4903,25.1082,46.6063,,32.27,373.0,zhvi+income
340,Wrightstown Borough,Borough,BURLINGTON,3400582960,720,52222.0,1.0,Wrightstown,55267,,318565.084,,,,,,,,,,,,,,,,,,,,,,,,282062.506,303134.4666,312363.0533,318565.084,0.0199,,,,,,,,,,,,,,,,,,,,,,,,,318826.0,109.0,99.99,33.39,3.0,3.0,6.1002,32.0346,,,32.03,375.0,zhvi+income
703,Caldwell Borough,Borough,ESSEX,3401309250,9027,101196.0,1.0,Caldwell,23907,,750983.7643,272202.8863,306068.8138,344687.2339,390749.2025,419423.8793,486951.9759,541686.4502,536545.2304,495225.2455,457686.0889,434433.6431,416344.7759,391556.5549,405602.6209,443807.6418,451107.4626,461645.046,472046.6307,481957.1905,481650.2783,506009.0726,554171.4918,600939.0183,624060.3519,691549.8975,714351.3061,750983.7643,0.0513,0.3551,0.6268,0.0398,,,,,,,,,,,,,,,,,,,,,,724606.0,13.0,105.12,74.05,11.0,24.0,7.4211,16.2338,62.8959,,31.79,376.0,zhvi+income
2009,Linden,City,UNION,3403940350,43738,91036.0,1.0,Linden,36718,,560289.4379,147643.3492,161120.0081,183957.0736,220160.9249,259772.8315,296902.2622,342065.7304,347901.4621,322061.1814,271862.3831,264639.0901,231727.6962,216926.5074,212373.9119,235663.4147,235749.1706,244897.7511,266884.3155,286578.4999,306467.4932,329152.1039,395327.4485,444335.5684,477745.8027,531613.6238,553148.1514,560289.4379,0.0129,0.4173,1.2879,0.0526,,,,,,,,,,,,,,,,,,,,,,549701.0,43.0,100.84,44.52,90.0,55.0,6.1546,30.303,34.6154,,31.74,377.0,zhvi+income
251,Ridgewood Village,Village,BERGEN,3400363000,25979,217250.0,1.0,Ridgewood,20176,,1264893.866,347595.158,384290.3071,431972.0309,488669.1374,544569.9603,612583.495,672841.1119,656012.255,628274.0363,664992.5402,666126.6298,671035.3087,677242.4717,695515.0868,735495.2898,739376.5059,761845.8461,776085.5115,791605.6963,777942.3361,777254.9574,865229.222,962204.1076,987229.3223,1084447.26,1164923.782,1264893.866,0.0858,0.4619,0.6603,0.0509,3463000.0,Ridgewood,Village,0.0,0.0,1.0,0.0,1.0,0.0,0.0,1.0,1.0,0.0,37.5,2.25,1.0,0.5263,2.0,4.0,2.8444,0.9354,1774035.0,53.0,113.89,80.14,68.0,61.0,5.8223,37.6623,19.0045,31.4286,31.44,378.0,full
1203,Dunellen Borough,Borough,MIDDLESEX,3402318490,7637,84789.0,1.0,Dunellen,16507,,545870.0892,155123.2927,175726.978,199234.4156,233200.8461,259627.6077,306796.0481,337559.482,331720.3845,314675.8912,281333.2424,271085.1998,243973.2598,229974.5585,230973.6273,255946.2089,256920.838,277821.3507,277783.5548,303905.629,309645.8441,332355.6491,389672.6045,427479.0767,445035.6974,492219.4218,532532.9527,545870.0892,0.025,0.4008,0.9648,0.0496,,,,,,,,,,,,,,,,,,,,,,612167.0,39.0,103.16,47.7,24.0,22.0,6.438,26.6234,40.724,,31.32,379.0,zhvi+income
1306,Avon-by-the-Sea Borough,Borough,MONMOUTH,3402502440,1933,109113.0,1.0,Avon by the Sea,21586,,1834354.201,331426.9261,413669.3279,479351.4848,604346.3717,730642.3189,837983.8427,996568.7015,1007704.766,1023997.772,963339.7836,886278.2846,882573.3294,848699.3274,872795.3119,926304.8977,924275.722,941938.3963,961309.1883,987078.5408,1035594.669,1111487.514,1435222.241,1698870.872,1619692.137,1655183.696,1721503.926,1834354.201,0.0656,0.2781,0.9474,0.068,,,,,,,,,,,,,,,,,,,,,,,,,,,,16.8115,1.7316,90.4977,,31.32,379.0,zhvi+income
1320,Holmdel Township,Township,MONMOUTH,3402532640,17400,172566.0,1.0,Holmdel Township,32061,,1123844.294,395201.8296,448610.5279,492640.5924,557203.6609,607985.7895,688200.8284,746027.9551,727269.7859,690692.8917,645808.4478,607515.3465,591628.8195,577231.8586,601136.6201,651062.0781,643735.4392,653707.4428,660643.929,682231.4379,682504.6021,683950.916,799000.4652,907087.7141,931348.8391,1020914.731,1064076.795,1123844.294,0.0562,0.4066,0.7192,0.041,3432640.0,Holmdel,Township,0.0,0.0,1.0,0.0,0.0,0.0,1.0,1.0,1.0,0.0,35.0,2.0,2.0,0.2857,1.0,3.0,2.7323,0.8163,,,,,,,6.5125,24.8918,38.2353,37.1429,31.29,381.0,full
1215,Old Bridge Township,Township,MIDDLESEX,3402354705,66876,100661.0,1.0,Parlin,19855,,561134.1111,186590.6381,210560.2211,239316.9237,273496.1193,308938.0102,360105.5961,388109.417,387158.4178,364340.1901,334234.3926,313038.2385,286993.6802,262808.4991,267983.5547,285118.1387,285848.2554,296729.5677,300797.0575,317723.1699,339756.3891,345855.5591,400925.9322,429938.1925,453476.0466,489160.6972,534766.9944,561134.1111,0.0493,0.3996,0.8911,0.0433,3454705.0,OldBridge,Township,1.0,1.0,1.0,0.0,0.0,0.0,1.0,1.0,1.0,0.0,44.0,3.5,1.0,0.3333,1.0,4.0,4.6318,2.8341,644649.0,56.0,101.37,59.43,53.0,60.0,5.5745,41.1255,40.9502,1.9048,31.28,382.0,full
2011,New Providence Borough,Borough,UNION,3403951810,13650,162877.0,1.0,New Providence,46727,,1030724.718,328473.4227,359062.904,407862.8068,452650.5043,502723.7793,563880.5472,629393.1134,621929.0746,591409.4784,536531.5272,553934.1491,522400.778,537497.0328,559809.6365,610676.3431,626667.6305,643565.2802,666779.4699,683483.046,675480.8672,654155.0219,733148.5727,797982.472,834094.4208,924023.7475,967656.2009,1030724.718,0.0652,0.4059,0.6016,0.045,,,,,,,,,,,,,,,,,,,,,,1209342.0,11.0,110.23,83.82,12.0,50.0,6.3282,27.4892,38.6878,,31.22,383.0,zhvi+income
719,South Orange Village,Village,ESSEX,3401369274,18484,187583.0,1.0,South Orange,34059,,1122798.37,261148.2734,311922.6766,340306.7203,386915.2505,421993.1496,495825.5928,553518.0545,545184.3944,532355.957,490618.4465,486001.8876,469462.5081,453941.475,479085.3186,545933.8479,561730.3524,597387.1684,633518.9031,671918.1817,667946.125,673569.4334,781041.6158,863576.6297,894712.2993,1001656.857,1070451.862,1122798.37,0.0489,0.4376,0.8795,0.0577,,,,,,,,,,,,,,,,,,,,,,,,,,,,5.9856,34.1991,25.1131,,31.17,384.0,zhvi+income
246,Paramus Borough,Borough,BERGEN,3400355950,26698,139707.0,1.0,Paramus,46984,,1083828.571,343545.9041,375231.6736,417107.1316,481384.0159,536568.2582,619478.4482,673410.8084,662459.4556,622621.8265,577305.2679,571332.2168,558999.1007,562063.7056,586989.1513,636528.6264,647068.2554,661800.0291,678281.1287,688728.7081,695316.0734,719207.7056,800210.482,868151.6237,883133.4638,949268.6942,1004407.069,1083828.571,0.0791,0.3544,0.6377,0.0452,,,,,,,,,,,,,,,,,,,,,,1329277.0,78.0,101.3,52.18,89.0,49.0,7.7579,14.7186,63.3484,,30.93,385.0,zhvi+income
226,Haworth Borough,Borough,BERGEN,3400330540,3343,227841.0,1.0,Haworth,5098,,1250160.277,373651.5669,414992.7047,461699.3616,524192.6789,586674.4084,679890.9591,735159.0077,718590.5399,679448.1212,649250.0377,643318.6598,627944.4993,630363.8844,642892.9184,685656.3285,686921.8948,706899.7892,720423.0092,726787.3535,717482.8369,725409.9368,820486.7508,898889.9064,931390.4968,1047690.629,1122079.49,1250160.277,0.1141,0.5237,0.7685,0.0475,,,,,,,,,,,,,,,,,,,,,,1549157.0,84.0,100.76,45.54,9.0,11.0,5.487,42.6407,7.2398,,30.84,386.0,zhvi+income
1405,Chatham Township,Township,MORRIS,3402712130,10983,223380.0,1.0,Chatham,41940,,1387193.245,,,,,,,,,,,,,,,,,876146.2584,897762.7926,930462.0007,923513.9639,902913.2936,978452.9064,1067755.023,1091736.597,1202879.428,1267496.253,1387193.245,0.0944,0.4177,0.5833,,,,,,,,,,,,,,,,,,,,,,,1491688.0,12.0,114.48,83.48,9.0,31.0,6.21,29.0043,34.1629,,30.72,387.0,zhvi+income
268,Woodcliff Lake Borough,Borough,BERGEN,3400382300,6128,211233.0,1.0,Woodcliff Lake,21367,,1289576.366,444582.2976,501098.9708,540722.3129,611062.804,682663.084,772739.5226,841558.2649,826620.281,789196.2797,749630.8805,732311.6561,699023.4292,708090.2316,730891.5435,786798.3865,790880.5985,800689.7094,812358.7125,827074.5266,810585.4957,809867.25,901734.8047,1013892.594,1027495.87,1145181.505,1203402.126,1289576.366,0.0716,0.4301,0.6106,0.0418,,,,,,,,,,,,,,,,,,,,,,1324279.0,84.0,103.62,55.1,29.0,20.0,6.105,31.6017,28.2805,,30.49,388.0,zhvi+income
706,Essex Fells Borough,Borough,ESSEX,3401321840,2244,250001.0,1.0,Essex Fells,21959,,1493814.5,494683.0215,554641.8218,607423.952,685619.7397,747261.7867,885397.8628,975709.2341,975902.258,883431.6029,796361.7287,766396.1253,745477.148,739198.5462,763432.9465,824236.3197,835068.4171,840585.3842,867352.088,886132.5721,889205.7211,878682.8838,1034359.85,1151102.798,1176573.793,1348800.559,1393007.525,1493814.5,0.0724,0.4442,0.7771,0.0434,,,,,,,,,,,,,,,,,,,,,,1594132.0,33.0,101.18,40.07,5.0,5.0,5.9752,34.4156,21.9457,,30.26,389.0,zhvi+income
261,Tenafly Borough,Borough,BERGEN,3400372420,15409,208088.0,1.0,Tenafly,47961,,1341157.306,414080.9405,455234.2219,505117.2479,585620.8463,647995.32,752291.6823,827752.7193,808205.5927,756794.9505,715816.5603,710059.035,722800.2332,756459.1654,785307.5857,857141.867,869691.8372,897839.7417,902606.7024,913626.3083,892139.7585,883479.3138,951130.6589,1054468.457,1090305.018,1206692.066,1243470.301,1341157.306,0.0786,0.4101,0.4938,0.0462,,,,,,,,,,,,,,,,,,,,,,1629113.0,76.0,104.85,50.09,57.0,35.0,6.4451,26.4069,37.5566,,30.12,390.0,zhvi+income
2014,Roselle Borough,Borough,UNION,3403964620,22695,82967.0,1.0,Roselle,13593,,524920.619,129111.7725,141548.9916,160169.9739,187502.3304,216705.9987,256834.8111,290136.6314,303778.7678,285512.1872,233288.7608,207116.565,178248.1925,160379.2342,150406.9179,163523.8443,162518.609,179159.976,202961.2552,239984.0121,270846.7536,298333.1519,370464.5176,417040.1621,449606.3518,492630.0418,522639.2304,524920.619,0.0044,0.4169,1.9299,0.0554,,,,,,,,,,,,,,,,,,,,,,532210.0,38.0,102.46,65.91,47.0,39.0,6.3269,27.7056,34.8416,,30.08,391.0,zhvi+income
1329,Manasquan Borough,Borough,MONMOUTH,3402543050,5938,156542.0,1.0,Manasquan,19171,,1228373.025,254550.792,313740.543,363009.3903,434686.3167,492302.6798,584643.3598,649569.8742,637893.9243,615638.1339,580571.8747,562826.0006,540133.3846,521618.6449,521744.0269,548274.3374,572152.348,603258.0705,646623.7901,663134.9131,684042.6028,701809.1197,843809.6744,972374.8177,997454.7162,1094257.019,1128779.093,1228373.025,0.0882,0.4557,1.0362,0.0624,3443050.0,Manasquan,Borough,0.0,0.0,1.0,1.0,0.0,0.0,0.0,1.0,1.0,1.0,35.0,2.0,1.0,0.5,1.0,3.0,1.9008,-0.067,1609124.0,15.0,102.52,53.94,13.0,13.0,7.8469,14.2857,19.6833,71.9048,30.04,392.0,full
1216,Perth Amboy,City,MIDDLESEX,3402358200,55436,58490.0,1.0,Perth Amboy,47071,,506200.9819,126301.613,141265.0316,160399.0027,189408.2792,224325.352,265473.7415,297939.8789,303528.8862,277743.9322,231547.4076,215091.4617,190252.9572,183541.23,187777.9086,207354.1373,211217.1059,234308.5221,248187.219,271762.0013,302747.8587,334978.8968,376874.7641,414221.9101,432270.819,462057.0618,496170.7832,506200.9819,0.0202,0.3432,1.1604,0.0548,,,,,,,,,,,,,,,,,,,,,,442259.0,85.0,101.61,54.86,87.0,43.0,8.6545,10.6061,68.3258,,29.85,393.0,zhvi+income
201,Allendale Borough,Borough,BERGEN,3400300700,6848,156992.0,1.0,Allendale,10081,,1125741.757,389360.7655,431581.352,468369.3794,532379.7146,591165.5535,668276.498,729195.1517,708816.1245,680200.7776,649940.6145,629709.7922,619089.7163,620143.7612,661543.1075,710288.9995,716881.1642,741691.0119,742846.8663,745453.4898,731840.6037,738427.4454,822283.5333,897549.9493,918462.2594,998338.3583,1055180.019,1125741.757,0.0669,0.369,0.5178,0.0417,3400700.0,Allendale,Borough,0.0,0.0,1.0,0.0,0.0,0.0,1.0,0.0,1.0,0.0,35.0,2.5,1.5,0.0,3.0,3.0,3.0084,1.1096,899510.0,64.0,106.25,73.82,10.0,19.0,7.1707,19.4805,54.9774,24.7619,29.68,394.0,full
1305,Atlantic Highlands Borough,Borough,MONMOUTH,3402502110,4414,125438.0,1.0,Atlantic Highlands,43976,,859934.4968,215951.7702,254155.1234,278366.586,332554.0706,382916.9684,442971.4915,487776.7935,472554.2265,469279.17,410944.2547,373235.8657,371476.3989,357286.3291,361631.2931,398383.2547,404230.0896,429236.0135,455805.9616,476402.3151,520964.0736,525365.6265,616152.4254,695753.0503,717037.7694,780647.4629,810807.0642,859934.4968,0.0606,0.3957,1.0034,0.0546,,,,,,,,,,,,,,,,,,,,,,704617.0,25.0,98.22,38.53,10.0,13.0,6.8555,22.5108,43.4389,,29.49,395.0,zhvi+income
508,Ocean City,City,CAPE MAY,3400954360,11229,101782.0,1.0,Ocean City,15845,,1114172.734,261480.697,299521.8874,337053.3712,405726.9425,495076.4979,607719.3931,693343.1328,620870.3992,616928.275,606976.887,581669.2526,556577.6889,555099.5216,583266.4499,583075.7448,558885.4651,576591.4678,599483.1742,625550.8697,651600.9952,684147.6344,842461.9436,1046622.024,1014830.916,1032553.497,1030138.171,1114172.734,0.0816,0.3225,0.9323,0.0573,,,,,,,,,,,,,,,,,,,,,,1046930.0,78.0,97.08,13.71,299.0,195.0,10.9467,5.4113,77.6018,,29.47,396.0,zhvi+income
1347,Spring Lake Borough,Borough,MONMOUTH,3402570110,2789,146976.0,1.0,Spring Lake,41023,,1516855.735,336482.8141,400805.4473,456025.9419,515633.2631,572847.8293,670095.0723,726370.0589,696155.9179,667618.1062,630222.1383,623969.4215,606732.6869,597830.0252,610036.9543,654830.3622,684892.0346,714824.8076,738988.8856,769508.8876,784588.8021,793803.8738,969854.2145,1145476.473,1153055.032,1269779.719,1333066.172,1516855.735,0.1379,0.564,1.122,0.0596,3470110.0,SpringLake,Borough,0.0,0.0,1.0,1.0,0.0,0.0,0.0,0.0,1.0,0.0,35.0,2.0,5.0,0.6667,1.0,3.0,0.3499,-1.7145,4447580.0,21.0,96.46,25.04,17.0,16.0,10.3204,6.2771,3.6199,98.0952,28.57,397.0,full
1013,Hampton Borough,Borough,HUNTERDON,3401929460,1438,77222.0,1.0,Hampton,38870,,613722.5576,255461.895,279072.9239,286915.2245,340811.945,386477.6754,429753.2454,466476.5452,444167.7472,425846.1628,382707.0386,355806.8608,319481.5685,307311.0402,320807.59,333848.5689,332849.1349,322825.4178,338758.5689,357033.1655,378302.71,394128.798,449642.252,494837.6045,507283.5299,562952.6673,584620.106,613722.5576,0.0498,0.3649,0.9011,0.0343,,,,,,,,,,,,,,,,,,,,,,499728.0,23.0,101.96,28.62,4.0,7.0,7.9475,13.6364,57.2398,,28.17,398.0,zhvi+income
230,Little Ferry Borough,Borough,BERGEN,3400340680,10987,79476.0,1.0,Little Ferry,46267,,603675.6998,168451.2358,187208.7576,213056.0922,247864.625,284257.0808,329289.5234,360739.2124,361438.5285,343857.1025,308422.8993,298710.7201,280888.2922,288668.5401,290701.9434,297640.1534,290812.2339,297351.2585,311118.0918,334615.6277,354055.3558,380904.198,440311.833,476691.2211,505948.8236,549412.2083,580726.2627,603675.6998,0.0395,0.371,1.0302,0.0503,,,,,,,,,,,,,,,,,,,,,,514720.0,64.0,99.67,37.57,26.0,16.0,7.5957,15.1515,53.6199,,27.97,399.0,zhvi+income
501,Avalon Borough,Borough,CAPE MAY,3400902320,1243,143482.0,1.0,Avalon,43996,,2770026.542,447948.0545,570694.8011,621585.32,727474.6847,868730.2983,1089978.806,1264812.466,1249149.945,1100239.797,1014040.253,943869.508,692598.9126,1007931.279,1098041.868,1162486.332,1177561.225,1235885.159,1305417.141,1356407.207,1541112.781,1647384.699,2104806.811,2728601.348,2708740.029,2690287.536,2652714.117,2770026.542,0.0442,0.316,1.2413,0.0726,,,,,,,,,,,,,,,,,,,,,,2598586.0,72.0,95.54,2.64,38.0,39.0,19.3057,0.8658,80.7692,,27.5,400.0,zhvi+income
1304,Asbury Park,City,MONMOUTH,3402501960,15188,71080.0,1.0,Asbury Park,3455,,701723.6289,93587.3531,105995.0568,129772.4154,169068.9924,210158.7028,261550.2829,312219.4777,290675.2755,256486.4017,246606.2763,245383.1395,319154.548,259543.1292,256418.9975,282890.6666,278002.2108,305966.7494,339648.1391,387516.787,433865.4792,464785.5026,544775.7482,614485.9022,617582.6201,656971.2277,675359.7279,701723.6289,0.039,0.2881,1.2935,0.0806,3401960.0,AsburyPark,City,0.0,0.0,1.0,0.0,0.0,0.0,1.0,1.0,1.0,1.0,30.0,2.0,2.0,0.7143,3.0,3.0,3.8691,2.0238,857034.0,48.0,98.49,16.1,82.0,57.0,9.8723,7.7922,87.1041,6.1905,27.22,401.0,full
2020,Westfield,Town,UNION,3403979040,31032,212700.0,1.0,Westfield,27896,,1334619.013,397261.457,437388.54,498877.3739,574007.1117,642011.8814,732200.0343,804848.5818,808440.8129,766041.1236,700032.3288,718031.1806,684851.1078,676643.6221,709603.7468,772480.25,783721.6589,825416.8972,830620.9214,845347.2742,820498.6254,837355.6653,928547.9381,1035958.84,1073463.88,1181292.667,1230319.332,1334619.013,0.0848,0.4373,0.6169,0.0477,,,,,,,,,,,,,,,,,,,,,,1443714.0,14.0,108.93,81.0,42.0,96.0,6.2747,28.1385,25.3394,,27.21,402.0,zhvi+income
218,Fairview Borough,Borough,BERGEN,3400322560,15025,64152.0,1.0,Fairview,18065,,663457.0118,177721.8066,204275.6692,226371.264,270422.1438,310614.0312,362043.2598,399241.5977,408380.3631,388730.8129,325503.3734,309630.897,282489.598,280417.7265,278333.4417,306043.5857,313954.5882,349277.1488,379719.9746,388089.699,406615.0842,433457.6972,492793.4472,540969.444,555218.3922,605303.5863,624149.3203,663457.0118,0.063,0.3463,0.8995,0.052,,,,,,,,,,,,,,,,,,,,,,801871.3846,58.3077,104.7977,61.6462,31.0,26.0,10.342,6.0606,67.1946,,26.44,403.0,zhvi+income
1522,Ocean Gate Borough,Borough,OCEAN,3402954450,1932,75278.0,1.0,Ocean Gate,29739,,457621.2147,108285.0324,125158.0718,149308.8953,180242.8572,222487.0836,263825.7601,298819.8412,285643.3723,269102.5547,218093.9345,208798.3809,184497.7172,190419.8594,196819.111,202000.6878,206002.0766,207188.7477,202471.0959,211150.6831,224416.6882,243868.189,307532.9857,356188.0272,372658.7955,422516.8132,435412.9444,457621.2147,0.051,0.488,1.2087,0.057,,,,,,,,,,,,,,,,,,,,,,399782.0,23.0,99.99,33.39,5.0,9.0,6.0791,32.4675,13.1222,,26.02,404.0,zhvi+income
1312,Eatontown Borough,Borough,MONMOUTH,3402519840,13597,90174.0,1.0,Eatontown,17907,,645981.7146,177677.5164,207238.9927,230390.9886,269393.4473,311258.28,356394.8434,387293.5953,379319.6132,359265.2777,332650.365,310175.2058,286058.7232,271812.9386,279428.7622,305312.8653,317808.8531,332178.4373,342679.0797,356956.0515,371796.1548,381107.5699,458775.4416,517726.9788,546825.8768,591959.2018,607508.7332,645981.7146,0.0633,0.4081,0.9447,0.0509,,,,,,,,,,,,,,,,,,,,,,582183.0,21.0,100.44,46.75,31.0,31.0,7.1637,19.697,38.009,,25.8,405.0,zhvi+income
1339,Red Bank Borough,Borough,MONMOUTH,3402562430,12936,101738.0,1.0,Red Bank,40514,,733262.4736,172259.7536,200712.0004,225326.4444,272378.575,318023.5836,365055.3782,401889.5478,396578.1841,382441.8582,351442.626,347006.8438,342031.2457,334124.699,347192.4838,377873.8465,377275.9258,378053.8248,391292.5972,418657.4313,433792.4056,440452.2883,523163.4763,587183.617,598606.5505,651589.4105,679632.4171,733262.4736,0.0789,0.4016,0.9396,0.0573,,,,,,,,,,,,,,,,,,,,,,800564.0,20.0,102.23,61.22,44.0,37.0,7.2074,18.3983,40.0452,,25.61,406.0,zhvi+income
1352,Wall Township,Township,MONMOUTH,3402576460,26525,138049.0,1.0,Allenwood,15103,,1017652.483,,,,,,,,,,,,,,,,,,,,587150.4844,592116.5611,709825.1178,828359.1777,843826.3526,943340.2174,959264.8909,1017652.483,0.0609,0.4337,,,3476460.0,Wall,Township,0.0,0.0,1.0,0.0,0.0,0.0,1.0,1.0,1.0,0.0,35.0,2.0,2.0,0.3333,1.0,3.0,2.7323,0.8163,1109396.0,11.0,100.9,100.18,2.0,1.0,7.3717,17.316,26.9231,37.1429,24.67,407.0,full
1309,Brielle Borough,Borough,MONMOUTH,3402507750,4982,167754.0,1.0,Brielle,30592,,1323294.718,329970.5533,393297.3868,437112.6131,512852.8051,564975.0578,654814.1905,713417.9795,714320.7716,661266.5164,607587.9023,594579.3366,574639.1336,545408.248,553401.0428,575835.2034,587230.467,606702.8091,621995.1014,641862.7634,667033.2184,691066.7885,821919.1101,964727.569,994768.3295,1121276.985,1202703.125,1323294.718,0.1003,0.61,1.1811,0.0549,3407750.0,Brielle,Borough,0.0,0.0,1.0,0.0,0.0,1.0,0.0,1.0,0.0,0.0,35.0,2.5,2.0,0.375,2.0,4.0,2.071,0.1138,1484192.0,16.0,100.97,46.24,10.0,13.0,7.8883,13.8528,2.7149,64.7619,23.8,408.0,full
2018,Summit,City,UNION,3403971430,22719,199107.0,1.0,Summit,27319,,1432491.787,472727.0709,533748.6893,595916.5794,680774.5296,765072.7813,874611.6629,959003.2567,953990.5571,892657.8095,801683.9221,811255.3451,777226.0811,776589.3438,813832.5909,880565.0313,887378.6557,907062.9793,922302.3188,936830.1677,927059.9033,893286.0769,1009836.974,1100815.619,1133276.348,1232165.042,1287227.983,1432491.787,0.1129,0.4185,0.5793,0.0436,,,,,,,,,,,,,,,,,,,,,,1705572.0,12.0,110.92,79.77,22.0,55.0,7.1946,19.0476,33.0317,,23.71,409.0,zhvi+income
1807,Far Hills Borough,Borough,SOMERSET,3403522890,924,152188.0,1.0,Far Hills,4685,,1403698.267,,,,,,,,,,,,,,865315.6139,935717.9864,953585.0757,949132.8696,952980.701,972855.1756,952000.0081,911364.4904,1015522.159,1155703.379,1180455.4,1350534.824,1365452.811,1403698.267,0.028,0.3822,0.4789,,,,,,,,,,,,,,,,,,,,,,,758337.0,93.0,101.58,50.09,9.0,2.0,9.2234,9.3074,48.8688,,22.49,410.0,zhvi+income
509,Sea Isle City,City,CAPE MAY,3400966390,2104,98860.0,1.0,Sea Isle City,50339,,1509210.277,372328.725,452485.3976,506080.7522,585514.9642,722266.7197,894151.9046,997034.7046,902277.4011,905092.4175,865073.7056,718109.4661,498239.4809,555287.2189,621418.7359,663272.8269,660142.1828,691461.0736,730175.0294,766790.2032,802133.6704,855712.3695,1110093.413,1394025.891,1353689.819,1354599.796,1377423.571,1509210.277,0.0957,0.3595,1.1826,0.0553,,,,,,,,,,,,,,,,,,,,,,1649103.0,66.0,97.66,15.41,28.0,53.0,15.2661,2.5974,61.5385,,22.24,411.0,zhvi+income
1307,Belmar Borough,Borough,MONMOUTH,3402504930,5907,92859.0,1.0,Belmar,37367,,1018117.553,168717.974,196619.3423,234725.832,302691.5388,371292.3305,439087.773,505526.0065,498275.5356,478867.5907,441821.4961,447637.1237,435556.3316,413792.5705,421719.4612,469906.8238,467454.3339,498166.399,525944.4667,582278.4603,599402.958,620310.9307,742716.2955,858761.6308,888215.1928,975203.8994,986400.8143,1018117.553,0.0322,0.3708,1.0437,0.0716,,,,,,,,,,,,,,,,,,,,,,1029940.0,15.0,99.32,35.78,7.0,14.0,10.9641,5.1948,53.8462,,21.41,412.0,zhvi+income
1610,Prospect Park Borough,Borough,PASSAIC,3403161170,6372,48615.0,1.0,Prospect Park,20068,,547013.5453,,,,,,,,,,,,,,200945.8807,218579.1891,217001.8604,244925.0713,256679.4164,277609.9607,307868.4519,343520.5823,398317.9969,435042.3011,462400.4078,504782.8749,528666.8782,547013.5453,0.0347,0.3733,1.2334,,,,,,,,,,,,,,,,,,,,,,,602172.0,50.0,100.11,57.25,14.0,14.0,11.2519,4.9784,52.7149,,20.89,413.0,zhvi+income
1327,Long Branch,City,MONMOUTH,3402541310,31667,73381.0,1.0,Long Branch,25637,,836272.8227,189043.2179,218234.6698,253156.9115,309805.3316,363498.9295,435239.6052,497770.5013,484220.5736,454107.3144,402185.8683,363307.9442,355001.9055,330342.5308,334013.0485,349825.1023,363073.0009,380242.6067,402416.5881,435183.6391,464511.1685,486943.9986,594825.8432,710548.5623,723311.1941,784753.4892,796829.1475,836272.8227,0.0495,0.4059,1.1993,0.0589,3441310.0,LongBranch,City,0.0,0.0,1.0,1.0,0.0,0.0,0.0,1.0,1.0,1.0,38.0,2.0,2.5,0.5625,3.0,4.0,2.8481,0.9393,762085.0,32.0,98.52,27.55,122.0,82.0,11.3963,4.7619,38.4615,30.4762,19.62,414.0,full
1314,Fair Haven Borough,Borough,MONMOUTH,3402522440,6269,237132.0,1.0,Fair Haven,4648,,1576391.935,348243.4167,405399.6976,456956.9625,539452.7484,622697.6043,713556.6566,777439.456,746871.726,721821.1464,682578.4579,659795.804,646982.5195,634307.5464,661947.5115,736152.0171,774709.3333,809321.846,830649.4045,871472.749,873726.745,894521.5265,1052780.901,1261050.539,1281048.667,1435822.899,1478143.623,1576391.935,0.0665,0.4974,0.9478,0.0598,,,,,,,,,,,,,,,,,,,,,,1599130.0,11.0,109.19,68.87,7.0,16.0,6.6477,23.5931,11.086,,19.42,415.0,zhvi+income
245,Palisades Park Borough,Borough,BERGEN,3400355770,20292,101295.0,1.0,Palisades Park,19819,,997726.8055,247923.586,279155.0622,318225.4037,368839.2533,403103.2337,484049.6646,525346.1016,512030.9564,488848.3946,476036.8256,455399.4883,429004.5486,442442.3477,459352.3724,504729.7007,517468.5523,537683.611,559644.0595,582592.1382,596632.9151,635060.3485,713075.6626,793341.1446,805348.1034,865044.41,916757.327,997726.8055,0.0883,0.3992,0.8556,0.055,,,,,,,,,,,,,,,,,,,,,,1069418.0,75.0,98.06,35.36,55.0,35.0,9.8497,8.2251,41.1765,,19.21,416.0,zhvi+income
121,Somers Point,City,ATLANTIC,3400168430,10469,68542.0,1.0,Somers Point,54456,,438233.9436,111854.7978,118026.7003,130168.0351,152992.6884,180896.7713,225184.5991,259224.1852,255696.2303,240916.2571,208518.2637,199519.2571,184686.2542,182897.1509,193333.0714,204847.2268,202333.3245,194192.2717,185252.8715,195407.2762,210078.3872,223349.9972,275934.0806,331763.1215,359282.1214,401482.437,421210.3769,438233.9436,0.0404,0.5882,1.2567,0.0539,,,,,,,,,,,,,,,,,,,,,,477240.0,75.0,97.25,13.66,73.0,45.0,6.3937,26.8398,2.9412,,18.87,417.0,zhvi+income
1315,Farmingdale Borough,Borough,MONMOUTH,3402522950,1504,97574.0,1.0,Farmingdale,18080,,836853.4296,241178.6482,277697.577,313104.3758,367593.5306,427073.0995,495093.1497,550865.4364,528257.7536,493417.1877,448197.0139,436836.3745,438081.0369,401666.8171,399571.4742,424089.9037,425459.7059,449004.5136,457555.1731,486256.3312,493914.9725,503169.9675,590048.9047,681917.0526,706255.0126,790823.0316,814932.0554,836853.4296,0.0269,0.4183,0.8638,0.049,,,,,,,,,,,,,,,,,,,,,,587180.0,38.0,105.16,50.09,2.0,4.0,8.5766,11.039,33.2579,,18.45,418.0,zhvi+income
713,Montclair Township,Township,ESSEX,3401347500,40921,166765.0,1.0,Montclair,39839,,1204654.344,286849.3195,333396.6372,384675.8384,453026.4763,478020.683,557226.0366,609297.4559,607276.2527,582768.3635,526843.9958,515450.7619,500250.1293,476934.0857,496562.953,562007.6854,580846.4332,613864.9327,640402.7731,664227.8005,688824.2584,696976.0049,823472.567,920057.2496,951774.888,1055106.056,1115636.159,1204654.344,0.0798,0.4629,0.9624,0.0567,,,,,,,,,,,,,,,,,,,,,,1352264.0,15.0,123.58,90.08,75.0,122.0,7.2237,18.1818,18.552,,18.31,419.0,zhvi+income
1525,Point Pleasant Borough,Borough,OCEAN,3402959880,18941,108713.0,1.0,Point Pleasant,272632,,764964.8772,175652.6149,194683.859,226552.9402,283486.3738,332931.691,382415.6274,425756.3455,410671.3922,374349.2432,347887.0534,337984.3352,318713.7811,309154.386,321612.8867,343227.6786,348045.9781,359303.6007,367955.8561,383558.8899,403921.2486,424067.3504,514127.6989,587526.8868,601180.9464,672264.0923,695585.3744,764964.8772,0.0997,0.4879,1.129,0.0582,,,,,,,,,,,,,,,,,,,,,,849538.0,15.0,103.92,57.48,44.0,62.0,7.0366,20.7792,13.3484,,18.3,420.0,zhvi+income
2004,Elizabeth,City,UNION,3403921000,137298,63874.0,1.0,Elizabeth,31388,,547806.1662,132525.2997,148615.5456,171300.79,206340.803,247676.5734,288180.542,329379.7562,339344.6494,292516.5917,229508.1488,203001.3136,176479.9774,175366.6741,175630.792,192395.5114,205448.9978,215030.0211,239957.39,268858.4817,300918.2219,332924.0262,379886.9431,426005.2213,464322.3333,513601.2184,541519.7297,547806.1662,0.0116,0.442,1.5476,0.0561,3421000.0,Elizabeth,City,0.0,0.0,1.0,0.0,0.0,0.0,1.0,1.0,1.0,0.0,35.0,4.0,1.0,0.875,2.0,4.0,2.9387,1.0355,652145.0,35.0,101.75,62.39,169.0,117.0,8.5764,11.2554,22.6244,27.619,18.19,421.0,full
1608,Paterson,City,PASSAIC,3403157000,159732,53766.0,1.0,Paterson,19873,,541016.9326,145882.8091,161072.9654,177383.6366,207226.3563,240775.5877,286532.6279,337951.5845,350333.7551,317082.1723,270170.532,239947.6144,207518.3082,195578.4267,178652.3195,191330.9921,197938.3397,219655.362,229944.1042,254555.5446,293737.7667,337321.0772,387292.6764,432047.8263,452543.9306,485955.0893,517407.3697,541016.9326,0.0456,0.3969,1.463,0.0517,3457000.0,Paterson,City,0.0,0.0,1.0,0.0,0.0,0.0,1.0,1.0,0.0,1.0,37.5,10.5,1.9,0.95,2.0,4.0,3.1534,1.2636,619663.0,64.0,103.19,64.22,274.0,120.0,10.0624,6.9264,42.9864,14.2857,17.78,422.0,full
1310,Colts Neck Township,Township,MONMOUTH,3402514560,9957,184412.0,1.0,Colts Neck Township,44701,,1355515.655,437886.4228,509232.0073,553123.3145,626368.359,688313.4642,764097.3247,827434.6617,814551.6066,770420.7828,718491.8985,729365.1534,714228.9437,687476.956,691278.9635,736246.495,743336.3141,745255.0849,751137.6398,769907.5327,777793.9514,768309.8424,925077.7976,1058050.671,1087907.429,1217654.107,1269993.241,1355515.655,0.0673,0.4653,0.8189,0.0444,,,,,,,,,,,,,,,,,,,,,,,,,,,,7.3505,17.5325,17.8733,,17.65,423.0,zhvi+income
1528,Seaside Park Borough,Borough,OCEAN,3402966480,1436,83333.0,1.0,Seaside Park,33909,,882286.451,172931.6326,208263.4264,248833.9501,318977.7388,407854.3682,482779.9835,554621.6503,559433.5393,496238.8751,476389.5163,467991.8283,425868.9789,435302.9351,446923.3467,435161.8496,445731.8085,470721.9401,481157.5822,494466.3024,507851.2301,525298.0496,630800.0911,752795.112,729181.7153,805156.0595,833642.7203,882286.451,0.0584,0.3987,0.8743,0.0647,,,,,,,,,,,,,,,,,,,,,,674633.0,26.0,96.6,30.82,12.0,13.0,10.5875,5.6277,41.629,,17.63,424.0,zhvi+income
220,Franklin Lakes Borough,Borough,BERGEN,3400324990,11079,230987.0,1.0,Franklin Lakes,11527,,1631540.561,563665.4381,623750.1643,681168.8172,770062.7761,852621.8595,964166.9581,1052466.639,1030239.839,987423.5004,955788.1214,945622.0805,907200.2479,881234.578,911880.4073,997341.916,997791.5534,1001696.682,1003932.69,990676.0187,978113.4584,947582.3452,1089615.118,1228571.053,1273740.776,1398473.98,1457224.886,1631540.561,0.1196,0.4974,0.6288,0.0417,,,,,,,,,,,,,,,,,,,,,,1774035.0,77.0,101.92,46.75,45.0,31.0,7.0633,20.5628,11.3122,,17.48,425.0,zhvi+income
1515,Lakewood Township,Township,OCEAN,3402938550,135158,62947.0,1.0,Lakewood,395471,,591176.5404,118098.947,132526.5456,150018.7929,185199.269,218067.767,249711.3304,274037.3861,262783.8339,238369.1157,212907.7394,202822.9954,185932.7082,181220.7733,192111.9162,213301.4097,232276.5668,261070.4332,273235.5346,280418.8221,279616.4416,284090.0214,329681.747,417902.5843,455960.3683,512281.5089,548476.4836,591176.5404,0.0779,0.7932,1.2644,0.0639,3438550.0,Lakewood,Township,0.0,0.0,1.0,0.0,1.0,0.0,0.0,1.0,1.0,1.0,35.0,2.5,2.0,0.1481,2.0,3.0,2.3437,0.4035,463498.0,53.0,97.63,23.12,61.0,27.0,9.3917,8.658,0.4525,51.4286,17.3,426.0,full
1506,Berkeley Township,Township,OCEAN,3402905305,43754,63946.0,1.0,Bayville,16927,,542848.945,,,,,,,,,,,,,,,,,272807.4731,279226.2868,290700.1306,299384.6723,316588.6131,379626.0301,445345.5422,452846.441,496039.8524,517290.6556,542848.945,0.0494,0.43,0.9899,,,,,,,,,,,,,,,,,,,,,,,,,,,,,8.4892,11.6883,28.5068,,17.29,427.0,zhvi+income
502,Cape May,City,CAPE MAY,3400910270,2768,57230.0,1.0,Cape May,10704,,745558.8045,166722.5395,186326.7364,212099.4648,258196.5629,318293.1867,380966.7344,427844.3693,419463.5879,409853.2359,375910.0011,364058.2222,342243.8429,333529.642,334055.2031,337608.2297,337487.3444,353464.0284,359971.9088,377247.6556,398166.1731,432589.7084,534494.4029,633298.7949,649601.4054,683995.4317,702121.734,745558.8045,0.0619,0.3949,1.1093,0.0593,,,,,,,,,,,,,,,,,,,,,,909505.0,25.0,99.6,35.36,19.0,17.0,13.0274,3.4632,43.6652,,16.86,428.0,zhvi+income
103,Brigantine,City,ATLANTIC,3400107810,7716,88906.0,1.0,Brigantine,44310,,727999.2876,158081.3745,178632.5758,213850.2431,274067.6634,327403.7313,385686.7639,463542.3525,461832.0854,424215.3498,382495.8623,361352.3025,333572.9428,330694.7367,344332.4691,338536.8519,335931.652,323291.0702,322015.1623,332763.3153,357700.5853,372975.6432,479252.8166,602459.9117,618154.1893,669517.0021,690295.0403,727999.2876,0.0546,0.519,1.2518,0.0605,3407810.0,Brigantine,City,0.0,0.0,1.0,0.0,0.0,0.0,1.0,1.0,1.0,1.0,35.0,,1.0,0.2308,1.0,2.0,2.9218,1.0175,619663.0,56.0,97.72,13.36,122.0,92.0,8.1884,12.7706,8.1448,29.0476,15.68,429.0,full
1334,Monmouth Beach Borough,Borough,MONMOUTH,3402547130,3174,140074.0,1.0,Monmouth Beach,39831,,1151938.467,239659.9387,293433.8725,326211.4083,390638.0052,430364.3762,531553.4925,606339.4373,589478.4893,570132.1105,538993.3961,553410.1947,545885.2394,505512.9826,508403.9885,538317.8563,539174.2309,568430.246,593864.5485,646652.7544,662180.0288,685611.2763,794386.2553,971968.0315,977982.2167,1053601.875,1075615.631,1151938.467,0.071,0.4501,1.0265,0.0622,,,,,,,,,,,,,,,,,,,,,,1292547.0,34.0,98.09,27.32,14.0,23.0,8.2238,12.5541,20.5882,,15.23,430.0,zhvi+income
503,Cape May Point Borough,Borough,CAPE MAY,3400910330,305,88333.0,1.0,Cape May Point,30745,,1593180.421,,,,,,,,,,,,,,673501.1491,673103.8226,697068.7313,727925.193,718105.0763,755439.1028,809952.3939,861066.0887,1139711.834,1361173.777,1394709.795,1455906.331,1447143.151,1593180.421,0.1009,0.3979,1.1887,,,,,,,,,,,,,,,,,,,,,,,2423681.0,20.0,98.2,0.0,7.0,2.0,18.0361,1.5152,42.5339,,15.19,431.0,zhvi+income
510,Stone Harbor Borough,Borough,CAPE MAY,3400971010,796,128235.0,1.0,Stone Harbor,54570,,2632023.427,304660.8669,389539.1268,439633.1944,511043.2329,607722.5979,744101.2664,884622.6069,895333.3647,971566.6626,1081354.003,971845.258,919699.4582,1108797.183,1057514.75,1034025.351,1062118.017,1132114.587,1198973.47,1235310.26,1372948.148,1451604.531,1888070.451,2478738.065,2453446.007,2408476.191,2385795.361,2632023.427,0.1032,0.394,1.3249,0.0865,,,,,,,,,,,,,,,,,,,,,,4200214.0,88.0,96.88,14.31,38.0,14.0,20.525,0.6494,44.1176,,15.14,432.0,zhvi+income
1526,Point Pleasant Beach Borough,Borough,OCEAN,3402959910,4766,131641.0,1.0,Point Pleasant Beach,42863,,1118595.626,244927.8111,295481.126,344480.8957,416982.5942,491833.2608,576453.6937,622806.8992,619417.9569,605340.3301,579665.9138,568365.6305,532460.3326,539499.1379,538166.8466,525819.3661,523654.7295,532112.6966,556188.8373,577331.2362,613907.826,636628.1613,773170.3214,917782.3437,893858.237,970489.9958,993993.4361,1118595.626,0.1254,0.4468,1.1022,0.0602,,,,,,,,,,,,,,,,,,,,,,1119391.0,23.0,98.29,37.1,18.0,28.0,8.4973,11.4719,21.267,,14.74,433.0,zhvi+income
258,Saddle River Borough,Borough,BERGEN,3400365400,3372,236985.0,1.0,Saddle River,9501,,2397579.345,767026.3284,861689.5218,967309.7143,1094109.755,1203738.75,1351541.616,1457347.153,1452056.099,1398117.431,1349478.393,1312524.501,1297375.259,1349399.61,1418237.023,1544454.583,1552107.935,1544031.207,1524523.529,1520490.87,1559670.315,1531582.675,1673350.981,1838019.023,1876626.878,2030401.343,2137810.331,2397579.345,0.1215,0.4328,0.5528,0.0448,,,,,,,,,,,,,,,,,,,,,,3302203.0,84.0,97.38,18.78,34.0,16.0,10.117,6.71,27.1493,,13.52,434.0,zhvi+income
1308,Bradley Beach Borough,Borough,MONMOUTH,3402506970,4282,94722.0,1.0,Bradley Beach,28233,,1142323.512,187547.8869,225360.6634,277480.4061,352161.2005,430644.9052,510594.6222,593339.4236,578263.4771,544756.7473,510270.4891,492542.6414,499221.7032,482602.5044,481460.6156,499697.1781,510905.4797,536877.2586,558825.5255,597745.9069,625992.7214,676094.1258,797704.8369,952253.8575,924971.7516,1027357.921,1085324.558,1142323.512,0.0525,0.432,1.1277,0.072,,,,,,,,,,,,,,,,,,,,,,1099402.0,22.0,102.68,45.54,4.0,11.0,12.0597,4.5455,27.3756,,12.16,435.0,zhvi+income
1353,West Long Branch Borough,Borough,MONMOUTH,3402579310,8587,123661.0,1.0,West Long Branch,34750,,1002941.688,205175.2329,239827.107,266573.4037,314236.8307,359680.0942,420889.4105,468529.3218,464632.2941,439324.335,399562.0233,401808.6116,386721.7605,374107.334,375504.0173,396385.1884,403592.4981,432788.7597,451065.3222,484294.1574,520089.6778,545383.416,664738.7029,833377.3441,877791.0638,949925.5553,959912.9197,1002941.688,0.0448,0.5088,1.3174,0.0629,,,,,,,,,,,,,,,,,,,,,,961976.0,28.0,97.87,20.04,25.0,10.0,8.1104,12.987,9.9548,,11.98,436.0,zhvi+income
1342,Sea Bright Borough,Borough,MONMOUTH,3402566240,1449,127738.0,1.0,Sea Bright,20400,,1081394.221,239431.6027,292125.2965,339920.3099,418464.04,482234.7607,581428.7908,649430.6709,621821.0473,591397.2024,559407.9506,538742.8806,537152.809,486323.9814,473927.7164,450414.0328,456420.4114,469414.1534,525081.2705,555146.2332,568268.1528,604553.8405,723036.5979,871563.5997,885440.3733,959996.6858,1045951.814,1081394.221,0.0339,0.4956,1.3037,0.0597,,,,,,,,,,,,,,,,,,,,,,922553.0,33.0,96.36,0.0,14.0,8.0,8.4657,11.9048,11.7647,,11.86,437.0,zhvi+income
507,North Wildwood,City,CAPE MAY,3400953490,3621,85812.0,1.0,North Wildwood,33173,,685013.9374,,,,,,,,,,,,,,,,,299435.1857,312121.8281,323033.0084,338553.4159,365166.5303,449747.894,549177.2064,558738.6151,584202.124,617992.65,685013.9374,0.1084,0.5231,1.2877,,,,,,,,,,,,,,,,,,,,,,,718609.0,85.0,97.89,21.19,89.0,53.0,7.9827,13.4199,7.4661,,11.44,438.0,zhvi+income
1516,Lavallette Borough,Borough,OCEAN,3402939390,1787,120938.0,1.0,Lavallette,55913,,1229837.236,262146.4664,322542.8024,372141.2033,460027.8583,554393.6462,664297.2689,747024.2231,728359.3044,656178.4295,616577.1771,610789.715,577492.7342,584038.6917,562468.123,521070.9154,546362.5436,578496.1924,601358.0797,623148.817,654589.6901,686173.7021,837515.1272,1008343.406,1019099.701,1098598.294,1122409.115,1229837.236,0.0957,0.4684,1.1259,0.0613,,,,,,,,,,,,,,,,,,,,,,1766539.0,56.0,98.51,10.02,17.0,10.0,10.1692,6.4935,16.5158,,9.83,439.0,zhvi+income
1341,Rumson Borough,Borough,MONMOUTH,3402565130,7343,250001.0,1.0,Rumson,9455,,2326016.369,560724.2624,664630.364,762414.197,889236.7436,1013872.089,1204293.061,1349432.971,1321906.734,1252903.132,1143723.378,1109541.277,1082902.203,1043758.47,1061191.145,1133932.98,1179293.74,1197360.968,1216173.31,1238967.039,1257082.289,1270638.218,1552430.348,1820960.417,1880028.328,2063353.376,2113844.143,2326016.369,0.1004,0.4983,0.9426,0.0562,,,,,,,,,,,,,,,,,,,,,,2406690.0,10.0,107.96,71.09,18.0,32.0,9.304,8.8745,10.8597,,9.54,440.0,zhvi+income
511,Upper Township,Township,CAPE MAY,3400974810,12539,109592.0,2.0,Marmora; Strathmere,32711; 20685,,1087584.5228,126077.964,137445.2724,156571.4104,175164.2205,211972.8651,246310.1974,277877.9007,266180.7196,255219.6501,248882.9389,248739.1506,237276.3167,244850.4085,508075.6872,503777.3559,489580.412,476889.324,488775.1988,519769.722,556800.9384,579746.3108,728536.7408,905785.7454,924370.6457,972153.1882,1021950.469,1087584.5228,0.0642,0.4928,1.2806,0.0864,,,,,,,,,,,,,,,,,,,,,,979467.3333,157.3333,95.2833,0.0,12.0,9.0,9.9239,7.3593,12.2172,,8.98,441.0,zhvi+income
202,Alpine Borough,Borough,BERGEN,3400301090,1762,250001.0,1.0,Alpine,23458,,3203056.735,,,,,,,,,,,,,1999880.769,2065828.88,2135514.433,2144188.617,2273252.554,2258231.694,2225659.073,2075557.052,1952599.953,2199240.255,2523155.903,2491431.601,2697317.098,2843261.023,3203056.735,0.1265,0.4564,0.409,,,,,,,,,,,,,,,,,,,,,,,4497552.0,258.0,94.61,0.0,16.0,3.0,12.8122,3.6797,19.457,,8.94,442.0,zhvi+income
1532,Surf City Borough,Borough,OCEAN,3402971640,1243,118333.0,1.0,Surf City,20723,,1708072.567,380845.087,472010.9667,519986.562,679788.8428,781303.3537,912336.7162,1008892.307,974835.7932,880165.6304,816129.7496,796889.0457,759125.6528,738268.3348,745342.2118,749886.3766,758696.5218,779329.6722,796240.9895,828355.0029,883364.5535,938506.591,1177016.798,1441241.071,1403582.732,1533900.221,1526628.32,1708072.567,0.1189,0.4512,1.1917,0.0594,,,,,,,,,,,,,,,,,,,,,,3348178.0,56.0,96.5,14.31,19.0,7.0,14.4345,3.0303,19.9095,,8.66,443.0,zhvi+income
1346,Lake Como Borough,Borough,MONMOUTH,3402537560,1697,83056.0,1.0,Lake Como,5489,,878133.9797,150493.9035,170920.7461,204692.5319,259510.9304,312259.3173,368254.1405,424277.486,414670.5632,394122.7382,380305.7931,387634.0071,369923.8181,347279.8412,346375.7696,379780.3926,395327.2423,403833.6924,411128.8251,440516.7788,462220.1619,486458.1326,589756.1625,674961.5837,710389.8663,798532.91,815270.1734,878133.9797,0.0771,0.489,1.1745,0.0702,,,,,,,,,,,,,,,,,,,,,,824551.0,26.0,97.4,22.26,5.0,9.0,10.5728,5.8442,12.8959,,8.19,444.0,zhvi+income
122,Ventnor City,City,ATLANTIC,3400175620,9210,74619.0,1.0,Ventnor City,22671,,644493.2746,141141.1195,149506.208,166802.6222,206761.6811,259270.8283,317862.9932,377701.3309,386672.6245,350889.694,306977.8296,295835.259,273648.5174,274974.0008,270255.5039,268343.2507,245685.9267,241413.3161,238059.3494,255079.6684,279579.8832,307327.3405,385453.5724,482430.4903,518376.0699,556627.1853,592368.0905,644493.2746,0.088,0.672,1.6697,0.0602,,,,,,,,,,,,,,,,,,,,,,774578.0,92.0,96.89,15.82,110.0,58.0,8.6371,10.8225,1.81,,7.82,445.0,zhvi+income
1322,Interlaken Borough,Borough,MONMOUTH,3402534200,828,180972.0,1.0,Interlaken,55928,,1682745.053,302636.3613,358384.922,435836.2722,476192.1122,586653.0864,676309.4295,741954.3168,713277.5268,673000.8481,610864.856,628533.8593,596927.9593,578791.3369,605572.7726,656285.0693,652905.9552,707401.3284,748135.2552,797014.0262,856859.3728,873314.2213,1087070.752,1269954.503,1321090.336,1435141.622,1517196.007,1682745.053,0.1091,0.548,1.3788,0.0682,,,,,,,,,,,,,,,,,,,,,,2083866.0,16.0,96.04,0.0,1.0,5.0,9.2984,9.0909,4.9774,,7.72,446.0,zhvi+income
209,Demarest Borough,Borough,BERGEN,3400317530,4981,175078.0,1.0,Demarest,44903,,1566155.272,468202.9963,515564.8599,580737.2194,659155.6516,736537.1068,839247.1753,937232.8798,877661.141,845612.1071,808014.9262,803716.582,766507.2585,767852.6674,802973.2918,862159.4475,873323.1915,914202.0987,915897.3089,926766.4563,903500.2543,902507.3418,995047.2622,1098757.492,1143288.959,1262528.163,1336657.151,1566155.272,0.1717,0.574,0.7131,0.0475,,,,,,,,,,,,,,,,,,,,,,1684084.0,68.0,102.22,36.91,29.0,19.0,8.9455,9.5238,3.1674,,7.41,447.0,zhvi+income
1337,Ocean Township,Township,MONMOUTH,3402554270,27672,112586.0,1.0,Oakhurst,16536,,1079681.601,,,,,,,,,,,,,,,,,424115.9874,448134.0962,484537.9666,520471.1688,555816.4689,693019.3049,872777.1848,889367.9361,997009.4582,1007193.847,1079681.601,0.072,0.5579,1.5457,,,,,,,,,,,,,,,,,,,,,,,1199347.0,33.0,97.13,27.83,24.0,18.0,9.5898,8.4416,4.2986,,7.06,448.0,zhvi+income
115,Longport Borough,Borough,ATLANTIC,3400141370,893,103523.0,1.0,Longport,9155,,1520498.576,342446.6623,380022.0206,442219.7108,523666.8389,628348.9685,779240.1984,904314.1134,950557.4577,884819.1993,805603.7221,775385.2447,735430.0433,730889.8751,764695.8426,777529.913,745427.5236,751637.6967,755405.4198,775545.8968,818129.9941,801125.9776,1027345.872,1275172.715,1311411.085,1401242.183,1471217.604,1520498.576,0.0335,0.48,1.0229,0.059,,,,,,,,,,,,,,,,,,,,,,1699075.0,87.0,94.15,22.26,26.0,9.0,14.6875,2.8139,14.7059,,6.78,449.0,zhvi+income
116,Margate City,City,ATLANTIC,3400143890,5317,114417.0,1.0,Margate City,12561,,1127811.799,222918.2206,249826.7168,280721.3202,343986.1328,415395.9127,498915.3441,600979.1235,611237.2946,579154.931,524223.475,515960.9535,481835.2699,493198.9255,502689.267,492944.4469,481091.7549,480984.0022,488792.0061,493969.8615,511680.3843,528362.3968,660717.7727,806331.7989,882161.921,949803.4819,1031376.085,1127811.799,0.0935,0.7069,1.3448,0.0643,,,,,,,,,,,,,,,,,,,,,,999455.0,81.0,95.31,6.01,84.0,51.0,9.857,8.0087,1.1312,,5.72,450.0,zhvi+income
514,Wildwood,City,CAPE MAY,3400981170,5157,51996.0,1.0,Wildwood,27950,,647442.714,110221.8884,124515.1396,157894.4907,204671.9399,253854.009,305506.3286,356404.6023,336132.9175,336475.6383,317664.5771,290748.2513,266147.354,261167.9242,267254.132,276692.6117,276520.6114,285119.0706,295511.2522,306304.5169,319770.1621,343833.4843,424368.2054,524895.0925,537730.3307,567566.2756,595971.7855,647442.714,0.0864,0.5257,1.2708,0.0705,,,,,,,,,,,,,,,,,,,,,,594676.0,74.0,98.87,17.75,78.0,81.0,12.4518,3.8961,6.7873,,4.86,451.0,zhvi+income
1502,Barnegat Light Borough,Borough,OCEAN,3402903130,640,104583.0,1.0,Barnegat Light,42001,,1720039.474,393743.9574,481171.7901,546287.047,659720.9872,779813.3667,898589.6347,983177.578,966670.9186,869417.7635,786331.3734,758364.0038,717568.1336,720552.7726,740338.0318,758764.2104,787994.5015,802120.1072,814024.692,855908.7579,885712.0649,896581.1767,1141019.207,1430345.768,1343209.465,1441134.225,1556453.077,1720039.474,0.1051,0.5075,1.1444,0.0583,,,,,,,,,,,,,,,,,,,,,,1767038.0,49.0,97.22,14.31,4.0,7.0,16.4466,1.9481,10.181,,4.69,452.0,zhvi+income
1510,Harvey Cedars Borough,Borough,OCEAN,3402930390,391,148333.0,1.0,Harvey Cedars,11829,,2289403.968,544797.3111,663868.8615,775063.7981,934446.617,1100926.73,1270204.467,1380123.46,1383662.601,1233216.56,1153263.658,1100648.105,1017560.61,995447.0147,1008213.147,1022324.101,1054663.003,1067756.059,1069341.892,1097018.266,1151059.393,1165046.963,1508134.374,1903167.993,1784044.178,1959002.626,2029496.323,2289403.968,0.1281,0.518,1.1441,0.0568,,,,,,,,,,,,,,,,,,,,,,3088319.0,35.0,96.16,16.7,13.0,6.0,15.4342,2.1645,8.5973,,4.31,453.0,zhvi+income
1529,Ship Bottom Borough,Borough,OCEAN,3402967110,1098,111250.0,1.0,Ship Bottom,56726,,1549539.726,343823.166,407818.5779,477741.315,594405.4658,711020.2557,842447.8873,923880.1567,899294.81,765774.856,738608.2217,721935.5926,661038.7992,641297.5563,665628.8203,656964.7623,675641.7837,700093.529,716193.076,767426.8187,806209.7521,828020.8278,1010063.05,1255347.608,1218766.042,1341882.045,1377097.506,1549539.726,0.1252,0.5341,1.2133,0.0596,,,,,,,,,,,,,,,,,,,,,,1068419.0,35.0,99.04,28.62,11.0,7.0,13.9284,3.2468,5.6561,,4.05,454.0,zhvi+income
1527,Seaside Heights Borough,Borough,OCEAN,3402966450,2440,58988.0,1.0,Seaside Heights,29395,,733892.1228,113912.0098,122955.2211,144377.8944,189876.4877,239311.4347,295199.0512,337185.5804,328051.5016,340869.9329,320404.1675,301564.0499,287423.0624,306652.2387,302438.2421,297031.1532,283546.6845,302325.4174,308726.2559,332805.7272,351696.9292,386034.1999,454739.3011,548959.327,576360.216,653301.1538,678963.7952,733892.1228,0.0809,0.6139,1.4275,0.0743,,,,,,,,,,,,,,,,,,,,,,798565.0,46.0,94.85,12.14,94.0,34.0,12.4414,4.329,2.4887,,3.72,455.0,zhvi+income
1504,Beach Haven Borough,Borough,OCEAN,3402903940,1027,114868.0,1.0,Beach Haven,55585,,1765432.165,344358.49,416358.368,514996.9272,613620.0884,727908.8656,850012.9169,956164.394,940912.6667,838561.6753,800268.8938,763427.0636,730840.6682,710148.1831,705235.5368,718469.219,734509.0623,763425.0042,772432.3374,841910.123,875769.6731,916204.2351,1153560.251,1465610.301,1427926.234,1521653.184,1585504.591,1765432.165,0.1135,0.5304,1.3125,0.0649,,,,,,,,,,,,,,,,,,,,,,1769037.0,47.0,97.0,18.78,19.0,16.0,15.3692,2.381,6.1086,,3.62,456.0,zhvi+income
1343,Sea Girt Borough,Borough,MONMOUTH,3402566330,1866,206000.0,1.0,Sea Girt,27004,,2562935.718,445151.1495,542065.5675,593142.1694,721447.3757,839824.7791,989530.9549,1075817.641,1063283.264,1005183.653,927267.0705,924589.9479,899947.8324,887239.9952,917938.2581,1011122.498,1060706.437,1127522.762,1153307.196,1198822.567,1223189.376,1240213.791,1505514.834,1877381.004,1895195.674,2142860.125,2212808.246,2562935.718,0.1582,0.7024,1.2731,0.0696,,,,,,,,,,,,,,,,,,,,,,4372121.0,15.0,102.14,37.57,6.0,8.0,12.4414,4.1126,1.3575,,3.19,457.0,zhvi+income
1503,Bay Head Borough,Borough,OCEAN,3402903520,930,145417.0,1.0,Bay Head,23619,,2639038.723,551758.0723,653341.379,775463.2132,936437.4718,1102667.412,1287664.264,1452372.268,1444913.332,1316941.619,1173075.765,1152700.036,1092568.812,1102578.661,1140663.16,1185273.605,1175002.906,1206893.79,1244536.858,1289713.574,1338164.283,1379938.794,1723761.304,2107317.667,1987735.875,2155190.613,2189355.63,2639038.723,0.2054,0.531,1.1866,0.062,,,,,,,,,,,,,,,,,,,,,,3096815.0,24.0,101.08,28.62,6.0,7.0,18.1481,1.2987,5.8824,,2.83,458.0,zhvi+income
1518,Long Beach Township,Township,OCEAN,3402941250,3153,113542.0,1.0,Long Beach Township,397820,,2118492.635,502928.4117,613435.9042,724421.8789,876041.4285,1040534.234,1197128.085,1322072.792,1291007.377,1114491.847,1095435.051,1028317.229,930785.8174,913690.278,935558.6587,917042.7315,918126.9627,959390.9512,971740.9173,1016209.817,1062235.819,1089847.398,1378034.411,1756381.009,1719023.164,1864070.902,1933513.98,2118492.635,0.0957,0.5373,1.2082,0.0569,,,,,,,,,,,,,,,,,,,,,,,,,,,,18.6582,1.0823,5.4299,,2.53,459.0,zhvi+income
1302,Allenhurst Borough,Borough,MONMOUTH,3402500730,472,96500.0,1.0,Allenhurst,3358,,2415676.946,,,,,,,,,,,,,,,,,702381.9188,762829.3974,879405.3341,972240.2231,1009939.948,1332896.54,1739256.403,1845734.467,2074174.954,2194467.716,2415676.946,0.1008,0.8124,2.4393,,,,,,,,,,,,,,,,,,,,,,,4847362.0,207.0,94.17,0.0,5.0,1.0,25.0329,0.4329,0.2262,,0.36,460.0,zhvi+income
1311,Deal Borough,Borough,MONMOUTH,3402516660,900,77679.0,1.0,Deal,38157,,4605873.295,531083.0706,693032.422,793512.678,920219.9028,1115043.222,1353798.128,1581616.124,1699933.521,1674287.534,1618293.987,1628844.219,1600914.322,1522358.678,1432380.963,1461665.361,1470434.257,1547592.127,1587975.709,1788674.546,1932547.022,2105750.762,2664426.518,3523317.216,3695248.605,3943128.286,4040116.235,4605873.295,0.14,0.7287,1.9762,0.0866,,,,,,,,,,,,,,,,,,,,,,2398695.0,116.0,81.35,0.0,6.0,1.0,59.2937,0.0,0.905,,0.3,461.0,zhvi+income
1326,Loch Arbour Village,Village,MONMOUTH,3402541010,224,115417.0,1.0,Loch Arbour,5668,,3107351.851,,,,,,,,,,,,,,,,,,,,,1220426.354,1710542.826,2137188.537,2303900.75,2594145.377,2790050.286,3107351.851,0.1137,0.8166,,,,,,,,,,,,,,,,,,,,,,,,,,,,1.0,,26.9228,0.2165,0.0,,0.14,462.0,zhvi+income
512,West Cape May Borough,Borough,CAPE MAY,3400978530,1010,79375.0,,,,,,,,,,,,,,,,,,,,,,,,,,,,,,,,,,,,,,,,,,,,,,,,,,,,,,,,,,1424225.0,92.0,95.54,10.02,7.0,10.0,,,,,,,income only
515,Wildwood Crest Borough,Borough,CAPE MAY,3400981200,3101,82143.0,,,,,,,,,,,,,,,,,,,,,,,,,,,,,,,,,,,,,,,,,,,,,,,,,,,,,,,,,,599674.0,34.0,97.28,24.43,71.0,42.0,,,,,,,income only
513,West Wildwood Borough,Borough,CAPE MAY,3400980210,540,64750.0,,,,,,,,,,,,,,,,,,,,,,,,,,,,,,,,,,,,,,,,,,,,,,,,,,,,,,,,,,634655.0,75.0,89.42,0.0,9.0,6.0,,,,,,,income only
123,Weymouth Township,Township,ATLANTIC,3400180330,2614,71660.0,,,,,,,,,,,,,,,,,,,,,,,,,,,,,,,,,,,,,,,,,,,,,,,,,,,,,,,,,,,,,,,,,,,,,,income only
603,Deerfield Township,Township,CUMBERLAND,3401116900,3136,88558.0,,,,,,,,,,,,,,,,,,,,,,,,,,,,,,,,,,,,,,,,,,,,,,,,,,,,,,,,,,,,,,,,,,,,,,income only
607,Hopewell Township,Township,CUMBERLAND,3401133120,4391,87083.0,,,,,,,,,,,,,,,,,,,,,,,,,,,,,,,,,,,,,,,,,,,,,,,,,,,,,,,,,,,,,,,,,,,,,,income only
1705,Lower Alloways Creek Township,Township,SALEM,3403341640,1717,75000.0,,,,,,,,,,,,,,,,,,,,,,,,,,,,,,,,,,,,,,,,,,,,,,,,,,,,,,,,,,,,,,,,,,,,,,income only
613,Upper Deerfield Township,Township,CUMBERLAND,3401174870,7645,76040.0,,,,,,,,,,,,,,,,,,,,,,,,,,,,,,,,,,,,,,,,,,,,,,,,,,,,,,,,,,,,,,,,,,,,,,income only
1704,Elsinboro Township,Township,SALEM,3403321330,1001,91985.0,,,,,,,,,,,,,,,,,,,,,,,,,,,,,,,,,,,,,,,,,,,,,,,,,,,,,,,,,,,,,,,,,,,,,,income only
110,Folsom Borough,Borough,ATLANTIC,3400123940,1811,112857.0,,,,,,,,,,,,,,,,,,,,,,,,,,,,,,,,,,,,,,,,,,,,,,,,,,,,,,,,,,356056.0,36.0,98.99,50.09,5.0,6.0,,,,,,,income only
1714,Upper Pittsgrove Township,Township,SALEM,3403375110,3432,84405.0,,,,,,,,,,,,,,,,,,,,,,,,,,,,,,,,,,,,,,,,,,,,,,,,,,,,,,,,,,,,,,,,,,,,,,income only
1706,Mannington Township,Township,SALEM,3403343200,1475,132917.0,,,,,,,,,,,,,,,,,,,,,,,,,,,,,,,,,,,,,,,,,,,,,,,,,,,,,,,,,,,,,,,,,,,,,,income only
301,Bass River Township,Township,BURLINGTON,3400503370,1355,80000.0,,,,,,,,,,,,,,,,,,,,,,,,,,,,,,,,,,,,,,,,,,,,,,,,,,,,,,,,,,,,,,,,,,,,,,income only
336,Washington Township,Township,BURLINGTON,3400577150,693,85417.0,,,,,,,,,,,,,,,,,,,,,,,,,,,,,,,,,,,,,,,,,,,,,,,,,,,,,,,,,,,,,,,,,,,,,,income only
1521,Ocean Township,Township,OCEAN,3402954300,8835,107364.0,,,,,,,,,,,,,,,,,,,,,,,,,,,,,,,,,,,,,,,,,,,,,,,,,,,,,,,,,,,,,,,,,,,,,,income only
419,Hi-Nella Borough,Borough,CAMDEN,3400732220,927,75227.0,,,,,,,,,,,,,,,,,,,,,,,,,,,,,,,,,,,,,,,,,,,,,,,,,,,,,,,,,,,,,,,,,,,,,,income only
433,Tavistock Borough,Borough,CAMDEN,3400772240,9,,,,,,,,,,,,,,,,,,,,,,,,,,,,,,,,,,,,,,,,,,,,,,,,,,,,,,,,,,,,,,,,,,,,,,,none
402,Audubon Park Borough,Borough,CAMDEN,3400702230,991,53333.0,,,,,,,,,,,,,,,,,,,,,,,,,,,,,,,,,,,,,,,,,,,,,,,,,,,,,,,,,,,,,,,,,,,,,,income only
409,Cherry Hill Township,Township,CAMDEN,3400712280,74553,122485.0,,,,,,,,,,,,,,,,,,,,,,,,,,,,,,,,,,,,,,,,,,,,,,,,,,,,,,,,,,,,,,,,,,,,,,income only
305,Burlington,City,BURLINGTON,3400508920,9743,78009.0,,,,,,,,,,,,,,,,,,,,,,,,,,,,,,,,,,,,,,,,,,,,,,,,,,,,,,,,,,,,,,,,,,,,,,income only
303,Bordentown,City,BURLINGTON,3400506670,3993,91208.0,,,,,,,,,,,,,,,,,,,,,,,,,,,,,,,,,,,,,,,,,,,,,,,,,,,,,,,,,,,,,,,,,,,,,,income only
1348,Spring Lake Heights Borough,Borough,MONMOUTH,3402570140,4890,102829.0,,,,,,,,,,,,,,,,,,,,,,,,,,,,,,,,,,,,,,,,,,,,,,,,,,,,,,,,,,1029439.0,11.0,108.17,72.35,7.0,18.0,,,,,,,income only
1336,Neptune City Borough,Borough,MONMOUTH,3402549920,4626,82872.0,,,,,,,,,,,,,,,,,,,,,,,,,,,,,,,,,,,,,,,,,,,,,,,,,,,,,,,,,,649646.0,21.0,103.16,50.09,9.0,16.0,,,,,,,income only
1321,Howell Township,Township,MONMOUTH,3402533300,53537,129855.0,,,,,,,,,,,,,,,,,,,,,,,,,,,,,,,,,,,,,,,,,,,,,,,,,,,,,,,,,,,,,,,,,,,,,,income only
1112,Robbinsville Township,Township,MERCER,3402163850,15476,162813.0,,,,,,,,,,,,,,,,,,,,,,,,,,,,,,,,,,,,,,,,,,,,,,,,,,,,,,,,,,374796.0,42.0,98.46,20.04,15.0,15.0,,,,,,,income only
1103,Hamilton Township,Township,MERCER,3402129310,92297,97481.0,,,,,,,,,,,,,,,,,,,,,,,,,,,,,,,,,,,,,,,,,,,,,,,,,,,,,,,,,,,,,,,,,,,,,,income only
1316,Freehold Borough,Borough,MONMOUTH,3402525200,12538,82183.0,,,,,,,,,,,,,,,,,,,,,,,,,,,,,,,,,,,,,,,,,,,,,,,,,,,,,,,,,,,,,,,,,,,,,,income only
1102,Ewing Township,Township,MERCER,3402122185,37264,87125.0,,,,,,,,,,,,,,,,,,,,,,,,,,,,,,,,,,,,,,,,,,,,,,,,,,,,,,,,,,384791.0,42.0,100.86,51.82,101.0,89.0,,,,,,,income only
1345,Shrewsbury Township,Township,MONMOUTH,3402567365,1076,80833.0,,,,,,,,,,,,,,,,,,,,,,,,,,,,,,,,,,,,,,,,,,,,,,,,,,,,,,,,,,,,,,,,,,,,,,income only
1113,West Windsor Township,Township,MERCER,3402180240,29518,190100.0,,,,,,,,,,,,,,,,,,,,,,,,,,,,,,,,,,,,,3480240.0,WestWindsor,Township,1.0,1.0,1.0,0.0,0.0,0.0,1.0,1.0,1.0,0.0,40.0,3.0,1.0,0.3333,3.0,3.0,5.2679,3.5098,,,,,,,,,,0.0,,,income+zoning
1218,Plainsboro Township,Township,MIDDLESEX,3402359280,24084,124852.0,,,,,,,,,,,,,,,,,,,,,,,,,,,,,,,,,,,,,3459280.0,Plainsboro,Township,0.0,0.0,1.0,0.0,0.0,0.0,1.0,1.0,1.0,0.0,35.0,2.0,1.375,0.0,3.0,4.0,4.0247,2.1891,,,,,,,,,,4.7619,,,income+zoning
1105,Hopewell Borough,Borough,MERCER,3402133150,1918,142396.0,,,,,,,,,,,,,,,,,,,,,,,,,,,,,,,,,,,,,,,,,,,,,,,,,,,,,,,,,,,,,,,,,,,,,,income only
1106,Hopewell Township,Township,MERCER,3402133180,17491,177088.0,,,,,,,,,,,,,,,,,,,,,,,,,,,,,,,,,,,,,3433180.0,HopewellTownship,Township,0.0,0.0,1.0,0.0,0.0,0.0,1.0,1.0,1.0,1.0,40.0,2.25,1.0,0.6667,1.0,2.0,2.9218,1.0175,,,,,,,,,,29.0476,,,income+zoning
1026,West Amwell Township,Township,HUNTERDON,3401978230,3005,144293.0,,,,,,,,,,,,,,,,,,,,,,,,,,,,,,,,,,,,,,,,,,,,,,,,,,,,,,,,,,,,,,,,,,,,,,income only
1008,East Amwell Township,Township,HUNTERDON,3401918820,3917,139191.0,,,,,,,,,,,,,,,,,,,,,,,,,,,,,,,,,,,,,,,,,,,,,,,,,,,,,,,,,,,,,,,,,,,,,,income only
1812,Millstone Borough,Borough,SOMERSET,3403546590,448,139209.0,,,,,,,,,,,,,,,,,,,,,,,,,,,,,,,,,,,,,,,,,,,,,,,,,,,,,,,,,,,,,,,,,,,,,,income only
1007,Delaware Township,Township,HUNTERDON,3401917170,4560,160735.0,,,,,,,,,,,,,,,,,,,,,,,,,,,,,,,,,,,,,,,,,,,,,,,,,,,,,,,,,,348710.0,294.0,99.99,0.0,1.0,1.0,,,,,,,income only
1021,Raritan Township,Township,HUNTERDON,3401961920,23447,159808.0,,,,,,,,,,,,,,,,,,,,,,,,,,,,,,,,,,,,,3461920.0,Raritan,Township,0.0,0.0,1.0,0.0,0.0,0.0,1.0,1.0,1.0,1.0,35.0,2.5,2.0,0.3333,1.0,3.0,3.0774,1.1829,,,,,,,,,,22.8571,,,income+zoning
1010,Franklin Township,Township,HUNTERDON,3401924870,3267,155766.0,,,,,,,,,,,,,,,,,,,,,,,,,,,,,,,,,,,,,,,,,,,,,,,,,,,,,,,,,,,,,,,,,,,,,,income only
2021,Winfield Township,Township,UNION,3403981650,1423,62275.0,,,,,,,,,,,,,,,,,,,,,,,,,,,,,,,,,,,,,,,,,,,,,,,,,,,,,,,,,,,,,,,,,,,,,,income only
1015,Holland Township,Township,HUNTERDON,3401932460,5177,127644.0,,,,,,,,,,,,,,,,,,,,,,,,,,,,,,,,,,,,,,,,,,,,,,,,,,,,,,,,,,,,,,,,,,,,,,income only
1001,Alexandria Township,Township,HUNTERDON,3401900550,4809,156797.0,,,,,,,,,,,,,,,,,,,,,,,,,,,,,,,,,,,,,,,,,,,,,,,,,,,,,,,,,,,,,,,,,,,,,,income only
2102,Alpha Borough,Borough,WARREN,3404101030,2328,83125.0,,,,,,,,,,,,,,,,,,,,,,,,,,,,,,,,,,,,,,,,,,,,,,,,,,,,,,,,,,357306.0,27.0,102.71,62.61,6.0,8.0,,,,,,,income only
1025,Union Township,Township,HUNTERDON,3401974420,6507,124922.0,,,,,,,,,,,,,,,,,,,,,,,,,,,,,,,,,,,,,,,,,,,,,,,,,,,,,,,,,,,,,,,,,,,,,,income only
1006,Clinton Township,Township,HUNTERDON,3401913750,13505,153771.0,,,,,,,,,,,,,,,,,,,,,,,,,,,,,,,,,,,,,,,,,,,,,,,,,,,,,,,,,,,,,,,,,,,,,,income only
1002,Bethlehem Township,Township,HUNTERDON,3401905650,3745,163021.0,,,,,,,,,,,,,,,,,,,,,,,,,,,,,,,,,,,,,,,,,,,,,,,,,,,,,,,,,,,,,,,,,,,,,,income only
1801,Bedminster Township,Township,SOMERSET,3403504450,8272,113292.0,,,,,,,,,,,,,,,,,,,,,,,,,,,,,,,,,,,,,,,,,,,,,,,,,,,,,,,,,,724606.0,9.0,111.7,100.18,,1.0,,,,,,,income only
1815,Peapack-Gladstone Borough,Borough,SOMERSET,3403557300,2558,184231.0,,,,,,,,,,,,,,,,,,,,,,,,,,,,,,,,,,,,,,,,,,,,,,,,,,,,,,,,,,,,,,,,,,,,,,income only
1024,Tewksbury Township,Township,HUNTERDON,3401972510,5870,188500.0,,,,,,,,,,,,,,,,,,,,,,,,,,,,,,,,,,,,,,,,,,,,,,,,,,,,,,,,,,,,,,,,,,,,,,income only
1019,Lebanon Township,Township,HUNTERDON,3401939660,6195,131626.0,,,,,,,,,,,,,,,,,,,,,,,,,,,,,,,,,,,,,,,,,,,,,,,,,,,,,,,,,,,,,,,,,,,,,,income only
2117,Oxford Township,Township,WARREN,3404155530,2444,106682.0,,,,,,,,,,,,,,,,,,,,,,,,,,,,,,,,,,,,,,,,,,,,,,,,,,,,,,,,,,198892.0,86.0,100.51,0.0,6.0,9.0,,,,,,,income only
2114,Liberty Township,Township,WARREN,3404140110,2670,119167.0,,,,,,,,,,,,,,,,,,,,,,,,,,,,,,,,,,,,,,,,,,,,,,,,,,,,,,,,,,,,,,,,,,,,,,income only
2112,Independence Township,Township,WARREN,3404133930,5469,101282.0,,,,,,,,,,,,,,,,,,,,,,,,,,,,,,,,,,,,,,,,,,,,,,,,,,,,,,,,,,,,,,,,,,,,,,income only
2111,Hope Township,Township,WARREN,3404133060,1835,106212.0,,,,,,,,,,,,,,,,,,,,,,,,,,,,,,,,,,,,,,,,,,,,,,,,,,,,,,,,,,,,,,,,,,,,,,income only
2101,Allamuchy Township,Township,WARREN,3404100670,5335,130170.0,,,,,,,,,,,,,,,,,,,,,,,,,,,,,,,,,,,,,,,,,,,,,,,,,,,,,,,,,,,,,,,,,,,,,,income only
1901,Andover Borough,Borough,SUSSEX,3403701330,595,78750.0,,,,,,,,,,,,,,,,,,,,,,,,,,,,,,,,,,,,,,,,,,,,,,,,,,,,,,,,,,,,,,,,,,,,,,income only
266,Washington Township,Township,BERGEN,3400377135,9285,168922.0,,,,,,,,,,,,,,,,,,,,,,,,,,,,,,,,,,,,,,,,,,,,,,,,,,,,,,,,,,,,,,,,,,,,,,income only
1908,Green Township,Township,SUSSEX,3403727420,3627,137083.0,,,,,,,,,,,,,,,,,,,,,,,,,,,,,,,,,,,,,,,,,,,,,,,,,,,,,,,,,,,,,,,,,,,,,,income only
255,Rockleigh Borough,Borough,BERGEN,3400364170,407,166875.0,,,,,,,,,,,,,,,,,,,,,,,,,,,,,,,,,,,,,,,,,,,,,,,,,,,,,,,,,,2828461.0,66.0,97.58,0.0,9.0,1.0,,,,,,,income only
2106,Frelinghuysen Township,Township,WARREN,3404125320,2199,122006.0,,,,,,,,,,,,,,,,,,,,,,,,,,,,,,,,,,,,,,,,,,,,,,,,,,,,,,,,,,,,,,,,,,,,,,income only
1907,Fredon Township,Township,SUSSEX,3403725140,3235,142292.0,,,,,,,,,,,,,,,,,,,,,,,,,,,,,,,,,,,,,,,,,,,,,,,,,,,,,,,,,,,,,,,,,,,,,,income only
1923,Walpack Township,Township,SUSSEX,3403776640,7,,,,,,,,,,,,,,,,,,,,,,,,,,,,,,,,,,,,,,,,,,,,,,,,,,,,,,,,,,,,,,,,,,,,,,,none
1924,Wantage Township,Township,SUSSEX,3403776790,10811,103672.0,,,,,,,,,,,,,,,,,,,,,,,,,,,,,,,,,,,,,,,,,,,,,,,,,,,,,,,,,,,,,,,,,,,,,,income only
1920,Stillwater Township,Township,SUSSEX,3403770890,4004,109777.0,,,,,,,,,,,,,,,,,,,,,,,,,,,,,,,,,,,,,,,,,,,,,,,,,,,,,,,,,,,,,,,,,,,,,,income only
1016,Kingwood Township,Township,HUNTERDON,3401937065,3802,146927.0,,,,,,,,,,,,,,,,,,,,,,,,,,,,,,,,,,,,,,,,,,,,,,,,,,,,,,,,,,,,,,,,,,,,,,income only
1430,Long Hill Township,Township,MORRIS,3402741362,8629,165112.0,,,,,,,,,,,,,,,,,,,,,,,,,,,,,,,,,,,,,,,,,,,,,,,,,,,,,,,,,,,,,,,,,,,,,,income only
1413,Harding Township,Township,MORRIS,3402729700,3871,178810.0,,,,,,,,,,,,,,,,,,,,,,,,,,,,,,,,,,,,,3429700.0,Harding,Township,0.0,0.0,1.0,0.0,1.0,0.0,0.0,1.0,1.0,1.0,35.0,2.5,3.0,0.2,1.0,2.0,1.7923,-0.1823,,,,,,,,,,76.1905,,,income+zoning
1418,Mendham Borough,Borough,MORRIS,3402745330,4981,223750.0,,,,,,,,,,,,,,,,,,,,,,,,,,,,,,,,,,,,,,,,,,,,,,,,,,,,,,,,,,,,,,,,,,,,,,income only
1406,Chester Borough,Borough,MORRIS,3402712580,1681,152578.0,,,,,,,,,,,,,,,,,,,,,,,,,,,,,,,,,,,,,,,,,,,,,,,,,,,,,,,,,,,,,,,,,,,,,,income only
1424,Morristown,Town,MORRIS,3402748300,20180,115409.0,,,,,,,,,,,,,,,,,,,,,,,,,,,,,,,,,,,,,,,,,,,,,,,,,,,,,,,,,,,,,,,,,,,,,,income only
1419,Mendham Township,Township,MORRIS,3402745360,6016,250001.0,,,,,,,,,,,,,,,,,,,,,,,,,,,,,,,,,,,,,,,,,,,,,,,,,,,,,,,,,,,,,,,,,,,,,,income only
1432,Randolph Township,Township,MORRIS,3402761890,26504,176471.0,,,,,,,,,,,,,,,,,,,,,,,,,,,,,,,,,,,,,,,,,,,,,,,,,,,,,,,,,,,,,,,,,,,,,,income only
1434,Rockaway Borough,Borough,MORRIS,3402764050,6598,100028.0,,,,,,,,,,,,,,,,,,,,,,,,,,,,,,,,,,,,,,,,,,,,,,,,,,,,,,,,,,,,,,,,,,,,,,income only
1408,Denville Township,Township,MORRIS,3402717650,17107,163276.0,,,,,,,,,,,,,,,,,,,,,,,,,,,,,,,,,,,,,,,,,,,,,,,,,,,,,,,,,,,,,,,,,,,,,,income only
1436,Roxbury Township,Township,MORRIS,3402764980,22950,130235.0,,,,,,,,,,,,,,,,,,,,,,,,,,,,,,,,,,,,,,,,,,,,,,,,,,,,,,,,,,,,,,,,,,,,,,income only
1426,Mount Arlington Borough,Borough,MORRIS,3402748690,5909,99511.0,,,,,,,,,,,,,,,,,,,,,,,,,,,,,,,,,,,,,,,,,,,,,,,,,,,,,,,,,,519717.0,23.0,102.47,72.86,20.0,34.0,,,,,,,income only
1431,Pequannock Township,Township,MORRIS,3402758110,15571,117206.0,,,,,,,,,,,,,,,,,,,,,,,,,,,,,,,,,,,,,3458110.0,Pequannock,Township,0.0,0.0,1.0,0.0,0.0,1.0,0.0,0.0,1.0,0.0,35.0,2.5,2.0,0.0,2.0,4.0,2.376,0.4378,,,,,,,,,,48.5714,,,income+zoning
1414,Jefferson Township,Township,MORRIS,3402734980,20538,115094.0,,,,,,,,,,,,,,,,,,,,,,,,,,,,,,,,,,,,,,,,,,,,,,,,,,,,,,,,,,,,,,,,,,,,,,income only
262,Teterboro Borough,Borough,BERGEN,3400372480,61,,,,,,,,,,,,,,,,,,,,,,,,,,,,,,,,,,,,,,,,,,,,,,,,,,,,,,,,,,,,,,,,,,,,,,,none
117,Mullica Township,Township,ATLANTIC,3400149410,5816,91875.0,,,,,,,,,,,,,,,,,,,,,,,,,,,,,,,,,,,,,,,,,,,,,,,,,,,,,,,,,,,,,,,,,,,,,,income only
612,Stow Creek Township,Township,CUMBERLAND,3401171160,1312,93036.0,,,,,,,,,,,,,,,,,,,,,,,,,,,,,,,,,,,,,,,,,,,,,,,,,,,,,,,,,,,,,,,,,,,,,,income only
605,Fairfield Township,Township,CUMBERLAND,3401122350,5546,61506.0,,,,,,,,,,,,,,,,,,,,,,,,,,,,,,,,,,,,,,,,,,,,,,,,,,,,,,,,,,,,,,,,,,,,,,income only
1711,Pittsgrove Township,Township,SALEM,3403359130,8777,83808.0,,,,,,,,,,,,,,,,,,,,,,,,,,,,,,,,,,,,,,,,,,,,,,,,,,,,,,,,,,,,,,,,,,,,,,income only
1428,Netcong Borough,Borough,MORRIS,3402750130,3375,92596.0,,,,,,,,,,,,,,,,,,,,,,,,,,,,,,,,,,,,,,,,,,,,,,,,,,,,,,,,,,480988.0,32.0,104.0,50.09,7.0,2.0,,,,,,,income only
111,Galloway Township,Township,ATLANTIC,3400125560,37813,90622.0,,,,,,,,,,,,,,,,,,,,,,,,,,,,,,,,,,,,,,,,,,,,,,,,,,,,,,,,,,,,,,,,,,,,,,income only
1404,Chatham Borough,Borough,MORRIS,3402712100,9212,250001.0,,,,,,,,,,,,,,,,,,,,,,,,,,,,,,,,,,,,,3412100.0,Chatham,Borough,0.0,0.0,1.0,0.0,1.0,0.0,0.0,0.0,1.0,1.0,35.0,2.5,1.0,0.4,1.0,3.0,1.4323,-0.5647,,,,,,,,,,89.5238,,,income+zoning
1911,Hardyston Township,Township,SUSSEX,3403729850,8125,119103.0,,,,,,,,,,,,,,,,,,,,,,,,,,,,,,,,,,,,,,,,,,,,,,,,,,,,,,,,,,,,,,,,,,,,,,income only
1412,Hanover Township,Township,MORRIS,3402729550,14677,159681.0,,,,,,,,,,,,,,,,,,,,,,,,,,,,,,,,,,,,,,,,,,,,,,,,,,,,,,,,,,,,,,,,,,,,,,income only
1429,Parsippany-Troy Hills Township,Township,MORRIS,3402756460,56162,112923.0,,,,,,,,,,,,,,,,,,,,,,,,,,,,,,,,,,,,,,,,,,,,,,,,,,,,,,,,,,,,,,,,,,,,,,income only
1407,Chester Township,Township,MORRIS,3402712610,7713,250001.0,,,,,,,,,,,,,,,,,,,,,,,,,,,,,,,,,,,,,,,,,,,,,,,,,,,,,,,,,,,,,,,,,,,,,,income only
816,South Harrison Township,Township,GLOUCESTER,3401569030,3395,131103.0,,,,,,,,,,,,,,,,,,,,,,,,,,,,,,,,,,,,,,,,,,,,,,,,,,,,,,,,,,,,,,,,,,,,,,income only
824,Woolwich Township,Township,GLOUCESTER,3401582840,12577,155808.0,,,,,,,,,,,,,,,,,,,,,,,,,,,,,,,,,,,,,3482840.0,Woolwich,Township,0.0,0.0,1.0,0.0,0.0,0.0,1.0,1.0,1.0,1.0,40.0,1.0,2.0,0.2,2.0,3.0,3.1281,1.2368,,,,,,,,,,18.5714,,,income+zoning
802,Deptford Township,Township,GLOUCESTER,3401517710,31977,90128.0,,,,,,,,,,,,,,,,,,,,,,,,,,,,,,,,,,,,,3417710.0,Deptford,Township,0.0,0.0,1.0,0.0,0.0,1.0,0.0,1.0,1.0,0.0,35.0,3.0,2.0,0.3077,3.0,3.0,3.1318,1.2406,,,,,,,,,,15.7143,,,income+zoning
1517,Little Egg Harbor Township,Township,OCEAN,3402940560,20784,89441.0,,,,,,,,,,,,,,,,,,,,,,,,,,,,,,,,,,,,,3440560.0,LittleEggHarbor,Township,0.0,0.0,1.0,0.0,0.0,0.0,1.0,1.0,1.0,1.0,30.0,8.5,2.0,0.1429,2.0,2.0,2.9725,1.0715,,,,,,,,,,26.6667,,,income+zoning
1531,Stafford Township,Township,OCEAN,3402970320,28617,115544.0,,,,,,,,,,,,,,,,,,,,,,,,,,,,,,,,,,,,,,,,,,,,,,,,,,,,,,,,,,,,,,,,,,,,,,income only
2120,Pohatcong Township,Township,WARREN,3404159820,3241,112981.0,,,,,,,,,,,,,,,,,,,,,,,,,,,,,,,,,,,,,,,,,,,,,,,,,,,,,,,,,,,,,,,,,,,,,,income only
2116,Mansfield Township,Township,WARREN,3404143320,7781,94432.0,,,,,,,,,,,,,,,,,,,,,,,,,,,,,,,,,,,,,,,,,,,,,,,,,,,,,,,,,,,,,,,,,,,,,,income only
2123,White Township,Township,WARREN,3404180570,4606,69519.0,,,,,,,,,,,,,,,,,,,,,,,,,,,,,,,,,,,,,,,,,,,,,,,,,,,,,,,,,,,,,,,,,,,,,,income only
2110,Harmony Township,Township,WARREN,3404130090,2503,93478.0,,,,,,,,,,,,,,,,,,,,,,,,,,,,,,,,,,,,,,,,,,,,,,,,,,,,,,,,,,424419.0,12.0,98.88,50.09,,2.0,,,,,,,income only
2122,Washington Township,Township,WARREN,3404177300,6492,131250.0,,,,,,,,,,,,,,,,,,,,,,,,,,,,,,,,,,,,,,,,,,,,,,,,,,,,,,,,,,,,,,,,,,,,,,income only
2121,Washington Borough,Borough,WARREN,3404177270,7299,79280.0,,,,,,,,,,,,,,,,,,,,,,,,,,,,,,,,,,,,,,,,,,,,,,,,,,,,,,,,,,,,,,,,,,,,,,income only
902,East Newark Borough,Borough,HUDSON,3401719360,2594,65272.0,,,,,,,,,,,,,,,,,,,,,,,,,,,,,,,,,,,,,,,,,,,,,,,,,,,,,,,,,,739598.0,67.0,98.79,0.0,4.0,1.0,,,,,,,income only
